"storeNumber","storeName","addressLine1","addressLine2","country","city","state","zipCode","Region_No","Region_Name","District_No","District_Name","phone","storeEmail","latitude","longitude","storestatus","localname","SiteId","storeOpenDate","activeFlag","BOSSEnableFlag","MallType","manager","url1","url2","url3","url4","storeImageurl","storeImage","storeHTML","brand","returnPolicy"
"012","Waterbury","4 5th Junction","","US","Stockton","CT","06705","1","SouthEast","10","Southeast Uptown","2036801679","rbeentjesb@etsy.com","41.5503","-72.9963","Open","Waterbury","1","2024-12-22 21:18:14","Y","Y","MALL","Rey Beentjes","http://slideshare.net/imperdiet/et/commodo/vulputate/justo/in.xml","http://dailymail.co.uk/nascetur/ridiculus/mus/etiam.jpg","http://rediff.com/neque.html","","http://dummyimage.com/245x100.png/cc0000/ffffff","","<h4>Store Hours</h4><ul><li><strong>Sunday: </strong><span>9:00 AM - 5:00 PM</span></li><li><strong>Monday: </strong><span>7:00 AM - 9:00 PM</span></li><li><strong>Tuesday: </strong><span>7:00 AM - 9:00 PM</span></li><li><strong>Wednesday: </strong><span>7:00 AM - 9:00 PM</span></li><li><strong>Thursday: </strong><span>7:00 AM - 9:00 PM</span></li><li><strong>Friday: </strong><span>7:00 AM - 9:00 PM</span></li><li><strong>Saturday: </strong><span>8:00 AM - 6:00 PM</span></li></ul><h4>Holiday Hours</h4><ul><li><strong>New Year's Day January 1</strong><span>: Closed</span></li><li><strong>Family Day February 17</strong><span>: 10:00 AM - 5:00 PM</span></li><li><strong>Good Friday April 18</strong><span>: Closed</span></li><li><strong>Easter Sunday April 20</strong><span>: Closed</span></li><li><strong>Victoria Day May 19</strong><span>: 10:00 AM - 5:00 PM</span></li><li><strong>Canada Day July 1</strong><span>: Closed</span></li><li><strong>August Civic Holiday August 4</strong><span>: 10:00 AM - 5:00 PM</span></li><li><strong>Labour Day September 1</strong><span>: 10:00 AM - 5:00 PM</span></li><li><strong>Thanksgiving Day October 13</strong><span>: Closed</span></li></ul>","ABC","30 Days with a Receipt."
"013","London","23 Veith Point","","US","Miami","KY","40745","1","SouthEast","10","Southeast Uptown","6068908024","mpalekc@youku.com","37.1376","-84.1156","Open","London","1","2025-03-16 16:54:52","Y","N","OUTLET","Mic Palek","https://tuttocitta.it/parturient/montes/nascetur/ridiculus/mus.xml","https://reverbnation.com/gravida/nisi.html","https://ca.gov/duis/at/velit/eu/est/congue/elementum.aspx","","http://dummyimage.com/161x100.png/ff4444/ffffff","","<h4>Store Hours</h4><ul><li><strong>Sunday: </strong><span>9:00 AM - 5:00 PM</span></li><li><strong>Monday: </strong><span>7:00 AM - 9:00 PM</span></li><li><strong>Tuesday: </strong><span>7:00 AM - 9:00 PM</span></li><li><strong>Wednesday: </strong><span>7:00 AM - 9:00 PM</span></li><li><strong>Thursday: </strong><span>7:00 AM - 9:00 PM</span></li><li><strong>Friday: </strong><span>7:00 AM - 9:00 PM</span></li><li><strong>Saturday: </strong><span>8:00 AM - 6:00 PM</span></li></ul><h4>Holiday Hours</h4><ul><li><strong>New Year's Day January 1</strong><span>: Closed</span></li><li><strong>Family Day February 17</strong><span>: 10:00 AM - 5:00 PM</span></li><li><strong>Good Friday April 18</strong><span>: Closed</span></li><li><strong>Easter Sunday April 20</strong><span>: Closed</span></li><li><strong>Victoria Day May 19</strong><span>: 10:00 AM - 5:00 PM</span></li><li><strong>Canada Day July 1</strong><span>: Closed</span></li><li><strong>August Civic Holiday August 4</strong><span>: 10:00 AM - 5:00 PM</span></li><li><strong>Labour Day September 1</strong><span>: 10:00 AM - 5:00 PM</span></li><li><strong>Thanksgiving Day October 13</strong><span>: Closed</span></li></ul>","ABC","30 Days with a Receipt."
"016","Madison","46 Judy Crossing","","US","Detroit","WI","53779","1","SouthEast","10","Southeast Uptown","6081675175","fgablef@liveinternet.ru","43.0982","-89.3242","Closed","Madison","1","2025-05-22 12:59:00","N","Y","SINGLE","Fletch Gable","https://vkontakte.ru/duis/aliquam/convallis/nunc/proin/at/turpis.jpg","http://mozilla.org/nunc.json","","","http://dummyimage.com/142x100.png/5fa2dd/ffffff","data:image/png;base64,iVBORw0KGgoAAAANSUhEUgAAABAAAAAQCAYAAAAf8/9hAAAABGdBTUEAAK/INwWK6QAAABl0RVh0U29mdHdhcmUAQWRvYmUgSW1hZ2VSZWFkeXHJZTwAAAJ3SURBVDjLpZNtSNNRFIcNKunF1rZWBMJqKaSiX9RP1dClsjldA42slW0q5oxZiuHrlqllLayoaJa2jbm1Lc3QUZpKFmmaTMsaRp+kMgjBheSmTL2//kqMBJlFHx44XM7vOfdyuH4A/P6HFQ9zo7cpa/mM6RvCrVDzaVDy6C5JJKv6rwSnIhlFd0R0Up/GwF2KWyl01CTSkM/dQoQRzAurCjRCGnRUUE2FaoSL0HExiYVzsQwcj6RNrSqo4W5Gh6Yc4+1qDDTkIy+GhYK4nTgdz0H2PrrHUJzs71NQn86enPn+CVN9GnzruoYR63mMPbkC59gQzDl7pt7rc9f7FNyUhPY6Bx9gwt4E9zszhWWpdg6ZcS8j3O7zCTuEpnXB+3MNZkUUZu0NmHE8XsL91oSWwiiEc3MeseLrN6woYCWa/Zl8ozyQ3w3Hl2lYy0SwlCUvsVi/Gv2JwITnYPDun2Hy6jYuEzAF1jUBCVYpO6kXo+NuGMeBAgcgfwNkvgBOPgUqXgKvP7rBFvRhE1crp8Vq1noFYSlacVyqGk0D86gbART9BDk9BFnPCNJbCY5aCFL1Cyhtp0RWAp74MsKSrkq9guHyvfMTtmLc1togpZoyqYmyNoITzVTYRJCiXYBIQ3CwFqi83o3JDhX6C0M8XsGIMoQ4OyuRlq1DdZcLkmbgGDX1iIEKNxAcbgTEOqC4ZRaJ6Ub86K7CYFEo8Qo+GBQlQyXBczLZpbloaQ9k1NUz/kD2myBBKxRZpa5hVcQslalatoUxizxAVVrN3CW21bFj9F858Q9dnIRmDyeuybM71uxmH9BNBB1q6zybV7H9s1Ue4PM3/gu/AEbfqfWy2twsAAAAAElFTkSuQmCC","<h4>Store Hours</h4><ul><li><strong>Sunday: </strong><span>9:00 AM - 5:00 PM</span></li><li><strong>Monday: </strong><span>7:00 AM - 9:00 PM</span></li><li><strong>Tuesday: </strong><span>7:00 AM - 9:00 PM</span></li><li><strong>Wednesday: </strong><span>7:00 AM - 9:00 PM</span></li><li><strong>Thursday: </strong><span>7:00 AM - 9:00 PM</span></li><li><strong>Friday: </strong><span>7:00 AM - 9:00 PM</span></li><li><strong>Saturday: </strong><span>8:00 AM - 6:00 PM</span></li></ul><h4>Holiday Hours</h4><ul><li><strong>New Year's Day January 1</strong><span>: Closed</span></li><li><strong>Family Day February 17</strong><span>: 10:00 AM - 5:00 PM</span></li><li><strong>Good Friday April 18</strong><span>: Closed</span></li><li><strong>Easter Sunday April 20</strong><span>: Closed</span></li><li><strong>Victoria Day May 19</strong><span>: 10:00 AM - 5:00 PM</span></li><li><strong>Canada Day July 1</strong><span>: Closed</span></li><li><strong>August Civic Holiday August 4</strong><span>: 10:00 AM - 5:00 PM</span></li><li><strong>Labour Day September 1</strong><span>: 10:00 AM - 5:00 PM</span></li><li><strong>Thanksgiving Day October 13</strong><span>: Closed</span></li></ul>","ABC","30 Days with a Receipt."
"022","Ashburn","4 Anzinger Drive","","US","Tallahassee","VA","22093","1","SouthEast","10","Southeast Uptown","5711314506","rblakebroughl@bbb.org","39.0853","-77.6452","Closed","Ashburn","1","2025-02-11 00:00:06","N","N","SINGLE","Reggie Blakebrough","https://umn.edu/odio/justo/sollicitudin/ut/suscipit/a/feugiat.json","https://loc.gov/vestibulum/quam/sapien/varius.aspx","","http://europa.eu/commodo/placerat/praesent.json","","data:image/png;base64,iVBORw0KGgoAAAANSUhEUgAAABAAAAAQCAYAAAAf8/9hAAAABGdBTUEAAK/INwWK6QAAABl0RVh0U29mdHdhcmUAQWRvYmUgSW1hZ2VSZWFkeXHJZTwAAAIxSURBVDjLpZNLiM5hFMZ/33+GPsMwI5SFcakxI9QIuZcyCyVKdpMdK9vJbcVOsrexEJGFUpRSiA3FjGsoU+65DZLxff/3dt5zLD5pyqQpp06nzuJ3nufUUzEz/qeax1oeOPfFsipRIGclihJEObVnTmVcgBCV9d0tiCpqINm4ODgyfgUuKTErX34IKRvTJjVRczp+QN0JURSfFMlGaC746WRsgB3c2/iiKpYES0I5fz8hGj4ZSZTqhMyIz/9QsKkXVKnkTCVnfj5SghguZFKGrsmPOLrqKi+vvZ+1oPfM8GhAYUlABAYHYOAOiFBzEZ+UMipZShY3X2Z1z0o0pX1/WwiRiggED0kgCT+CEZLigrK69SZz5q1g6uxlvHt6rv/Q5b7+d6IknwghUagPDQU+gPcQI7W64qMxxT6yrHqD1hlt5JFLdCzdxRba2bagj62LduLrnkLd78vhN0AEcYmYMiurV+hYsh38fe6ePsuUNsfE4ed8enGdKAFX9xRaNq7iXAOQElpXZuQnrOmItLaXaHgFpuTaAPM39tM5/Izkaw0FVrpRFhp2ipDo0fO0dfSg5WNMHct3dKHxA9XqEJ3d25j2dhBXBgotHaQEa9fB+g0gwubZt+juXExL61dMvkGliXsXhgBF/RAzF86l/c0DpsdI5XDvEdMkWBAsZSxl1vXdZ+Pu4zQVrzH5DoxObEHTpC4+P33ImZMnqIwV59vHln+1rC2mhqmOavszUcXM7v0CRRWCf6vfaXAAAAAASUVORK5CYII=","<h4>Store Hours</h4><ul><li><strong>Sunday: </strong><span>9:00 AM - 5:00 PM</span></li><li><strong>Monday: </strong><span>7:00 AM - 9:00 PM</span></li><li><strong>Tuesday: </strong><span>7:00 AM - 9:00 PM</span></li><li><strong>Wednesday: </strong><span>7:00 AM - 9:00 PM</span></li><li><strong>Thursday: </strong><span>7:00 AM - 9:00 PM</span></li><li><strong>Friday: </strong><span>7:00 AM - 9:00 PM</span></li><li><strong>Saturday: </strong><span>8:00 AM - 6:00 PM</span></li></ul><h4>Holiday Hours</h4><ul><li><strong>New Year's Day January 1</strong><span>: Closed</span></li><li><strong>Family Day February 17</strong><span>: 10:00 AM - 5:00 PM</span></li><li><strong>Good Friday April 18</strong><span>: Closed</span></li><li><strong>Easter Sunday April 20</strong><span>: Closed</span></li><li><strong>Victoria Day May 19</strong><span>: 10:00 AM - 5:00 PM</span></li><li><strong>Canada Day July 1</strong><span>: Closed</span></li><li><strong>August Civic Holiday August 4</strong><span>: 10:00 AM - 5:00 PM</span></li><li><strong>Labour Day September 1</strong><span>: 10:00 AM - 5:00 PM</span></li><li><strong>Thanksgiving Day October 13</strong><span>: Closed</span></li></ul>","ABC","30 Days with a Receipt."
"005","Waterbury","9949 Buena Vista Road","","US","Gainesville","CT","06721","2","Midwest","10","Midwest Uptown","2037611235","twainscoat4@slashdot.org","41.3657","-72.9275","Open","Waterbury","1","2024-09-25 21:25:49","N","Y","MALL","Teri Wainscoat","https://wiley.com/sem.json","https://nymag.com/cursus/vestibulum.jpg","http://blinklist.com/id/nulla/ultrices/aliquet/maecenas/leo/odio.html","http://php.net/mi/sit.jpg","http://dummyimage.com/175x100.png/ff4444/ffffff","data:image/png;base64,iVBORw0KGgoAAAANSUhEUgAAABAAAAAQCAYAAAAf8/9hAAAABGdBTUEAAK/INwWK6QAAABl0RVh0U29mdHdhcmUAQWRvYmUgSW1hZ2VSZWFkeXHJZTwAAAJGSURBVDjLjZLda5JhGMYN3R9QRxF04EEnQf9AR1HtLE86aNFhSVtsdWCjLQMLjNd3bmp+IWqa+UGKGikGswyZy8oiQ4UUXfk1pya0k9YHilfv81BW01U3XO/Nez/P9Xsvbl4eAJ5EIlHa7fa61+uF3+9HIBBAMBiknbyTudvthtVq7chkMh3x/BR9mEymDNc38e/6ZjabN4YATqezy/W+SHIPfxMpLimGACQeqVPXHkC8uILzqlVMapK4cOsZpnUvMGN4Sc9IORyOYYDL5RoAJjnz1DbzJeMvwB3H3dGAXq+HYrGIfD6PbDaLdDqNVCqFZDKJRCKBeDy+c4IfQ7p5tVqNQqEAj8cDpVJJQa3ZyyidPolutzt6BzYbHaJer6NarWJtbQ2lUommyeVyVJlMht65bRsBMFss9DAUCkGr1aJWq9E0Go2Gwnw+H1QqFU1gNluGAUajkQJarRaazSYajQZNQ0CVSgXlchkZuxzPzx5E7OgYouP8Gqf5AUCr1VFAJBKBwWCgkHA4DL1eT0FRZgZvZg/jy0MV+m+XseWV4NX0od6jY4KLFLC4tEQBnU6Hqt1uD9IQxc8I8ZkzQycC5nYDjBAd5RFEj/PfUwDDMN2VRKIfi8VA9HibSOz+6/t//NOb1/dyc0GfAqRSaU4uv7nFMAooFJxYFuzCAliWiEXkxB58sp0DONPXKzx85FSd4pNdrPN+3+hOWp3YdyMlPtDdmBPiw9UxvBPvwhORoLc8zpf+F4Do6cT+ee6LZRKb63ViJvPvI7z+j7d96tcAAAAASUVORK5CYII=","<h4>Store Hours</h4><ul><li><strong>Sunday: </strong><span>9:00 AM - 5:00 PM</span></li><li><strong>Monday: </strong><span>7:00 AM - 9:00 PM</span></li><li><strong>Tuesday: </strong><span>7:00 AM - 9:00 PM</span></li><li><strong>Wednesday: </strong><span>7:00 AM - 9:00 PM</span></li><li><strong>Thursday: </strong><span>7:00 AM - 9:00 PM</span></li><li><strong>Friday: </strong><span>7:00 AM - 9:00 PM</span></li><li><strong>Saturday: </strong><span>8:00 AM - 6:00 PM</span></li></ul><h4>Holiday Hours</h4><ul><li><strong>New Year's Day January 1</strong><span>: Closed</span></li><li><strong>Family Day February 17</strong><span>: 10:00 AM - 5:00 PM</span></li><li><strong>Good Friday April 18</strong><span>: Closed</span></li><li><strong>Easter Sunday April 20</strong><span>: Closed</span></li><li><strong>Victoria Day May 19</strong><span>: 10:00 AM - 5:00 PM</span></li><li><strong>Canada Day July 1</strong><span>: Closed</span></li><li><strong>August Civic Holiday August 4</strong><span>: 10:00 AM - 5:00 PM</span></li><li><strong>Labour Day September 1</strong><span>: 10:00 AM - 5:00 PM</span></li><li><strong>Thanksgiving Day October 13</strong><span>: Closed</span></li></ul>","ABC","30 Days with a Receipt."
"006","Salt Lake City","8 Muir Pass","PO Box 88118","US","Harrisburg","UT","84125","2","Midwest","10","Midwest Uptown","8011952473","cbreeze5@studiopress.com","40.6681","-111.9083","Open","Salt Lake City","1","2025-06-13 18:49:50","N","Y","SINGLE","Carmela Breeze","http://opera.com/mauris/eget.json","http://hc360.com/odio/condimentum.xml","","","http://dummyimage.com/236x100.png/5fa2dd/ffffff","","<h4>Store Hours</h4><ul><li><strong>Sunday: </strong><span>9:00 AM - 5:00 PM</span></li><li><strong>Monday: </strong><span>7:00 AM - 9:00 PM</span></li><li><strong>Tuesday: </strong><span>7:00 AM - 9:00 PM</span></li><li><strong>Wednesday: </strong><span>7:00 AM - 9:00 PM</span></li><li><strong>Thursday: </strong><span>7:00 AM - 9:00 PM</span></li><li><strong>Friday: </strong><span>7:00 AM - 9:00 PM</span></li><li><strong>Saturday: </strong><span>8:00 AM - 6:00 PM</span></li></ul><h4>Holiday Hours</h4><ul><li><strong>New Year's Day January 1</strong><span>: Closed</span></li><li><strong>Family Day February 17</strong><span>: 10:00 AM - 5:00 PM</span></li><li><strong>Good Friday April 18</strong><span>: Closed</span></li><li><strong>Easter Sunday April 20</strong><span>: Closed</span></li><li><strong>Victoria Day May 19</strong><span>: 10:00 AM - 5:00 PM</span></li><li><strong>Canada Day July 1</strong><span>: Closed</span></li><li><strong>August Civic Holiday August 4</strong><span>: 10:00 AM - 5:00 PM</span></li><li><strong>Labour Day September 1</strong><span>: 10:00 AM - 5:00 PM</span></li><li><strong>Thanksgiving Day October 13</strong><span>: Closed</span></li></ul>","ABC","30 Days with a Receipt."
"007","Greensboro","64 Park Meadow Crossing","PO Box 82565","US","Washington","NC","27425","2","Midwest","10","Midwest Uptown","3361218127","lrobertz6@skype.com","36.0807","-80.0244","Closed","Greensboro","1","2024-12-22 12:26:52","Y","N","SINGLE","Leanor Robertz","http://vk.com/nisl/duis/ac/nibh/fusce/lacus/purus.jpg","https://lycos.com/pellentesque/quisque/porta/volutpat/erat/quisque/erat.aspx","","http://harvard.edu/quam/a/odio/in/hac/habitasse/platea.png","http://dummyimage.com/169x100.png/dddddd/000000","","<h4>Store Hours</h4><ul><li><strong>Sunday: </strong><span>9:00 AM - 5:00 PM</span></li><li><strong>Monday: </strong><span>7:00 AM - 9:00 PM</span></li><li><strong>Tuesday: </strong><span>7:00 AM - 9:00 PM</span></li><li><strong>Wednesday: </strong><span>7:00 AM - 9:00 PM</span></li><li><strong>Thursday: </strong><span>7:00 AM - 9:00 PM</span></li><li><strong>Friday: </strong><span>7:00 AM - 9:00 PM</span></li><li><strong>Saturday: </strong><span>8:00 AM - 6:00 PM</span></li></ul><h4>Holiday Hours</h4><ul><li><strong>New Year's Day January 1</strong><span>: Closed</span></li><li><strong>Family Day February 17</strong><span>: 10:00 AM - 5:00 PM</span></li><li><strong>Good Friday April 18</strong><span>: Closed</span></li><li><strong>Easter Sunday April 20</strong><span>: Closed</span></li><li><strong>Victoria Day May 19</strong><span>: 10:00 AM - 5:00 PM</span></li><li><strong>Canada Day July 1</strong><span>: Closed</span></li><li><strong>August Civic Holiday August 4</strong><span>: 10:00 AM - 5:00 PM</span></li><li><strong>Labour Day September 1</strong><span>: 10:00 AM - 5:00 PM</span></li><li><strong>Thanksgiving Day October 13</strong><span>: Closed</span></li></ul>","ABC","30 Days with a Receipt."
"010","Minneapolis","45086 Oak Way","","US","Saint Cloud","MN","55423","2","Midwest","10","Midwest Uptown","2182701168","schallace9@vistaprint.com","44.8756","-93.2553","Closed","Minneapolis","1","2025-07-05 23:14:55","N","Y","OUTLET","Shellysheldon Challace","https://gnu.org/aliquet/pulvinar/sed.jsp","http://163.com/urna/pretium/nisl/ut/volutpat/sapien.jpg","","http://ibm.com/sodales/sed.jpg","","data:image/png;base64,iVBORw0KGgoAAAANSUhEUgAAABAAAAAQCAYAAAAf8/9hAAAABGdBTUEAAK/INwWK6QAAABl0RVh0U29mdHdhcmUAQWRvYmUgSW1hZ2VSZWFkeXHJZTwAAAIESURBVDjLpVLPS9NxGH7mjw3cZmvGclsFxcwQpFsQCRLBvIZJEC7LkyVdO5gnDx0i2qk/IAipyA5GBYoQkX0rWIaxTYvad9E85IbVcd/P834+HcZWKZtRz/V9n4f3eZ7XZYzB/6Cp0XB8/tzrsSeJxX8SuDg3stzZFj7S6Y0cO//g9Nt6e67NFi4tjLpFJBNuC8e6OrqhjUZ6LQ173f5AJb0zo4+chheQ8phK9pACGoKa8Lq9oMN9dPhw2wuqGLk/ZI53n4A2GtaKhdKP0tHZsblXm/da6nmjkrIjyqONoPS9VJ69sJVcN8Qz0yf7fG6fRxsN0QKfx++JJ/v7tg0xce9UTJRMkjx7KNrTHNoZgmii8HUNS5kloZLbJK9aU6mPWwQSdweHSJnev+uAO9IRgYZB8VsRIkRgRxDUCp/yOaQzGUcow2+uv5upCQzfGWwmud6793Cw3dcOUiFrryBfyM+LEkR2R+NdsRgMXCgW1/Fi0doQSih98700VQJjtAWtQb/XDwqxaq8i/yWfXLj8fODpFWsgZ+eSmWwWoolAMIBWtztISrQWolIEFaGk0rtdyEMpTlR9KsWJXM6GGAG1QJRAKL9aoEMop0KmEE7ZwbPJl7WPS11bdpyyArVA6wpZRP8ZYvxGv6EiqAQkYU2lXL/X1TN+0FSJWjRytz67Gn7i3+In2xhLsvVnPqcAAAAASUVORK5CYII=","<h4>Store Hours</h4><ul><li><strong>Sunday: </strong><span>9:00 AM - 5:00 PM</span></li><li><strong>Monday: </strong><span>7:00 AM - 9:00 PM</span></li><li><strong>Tuesday: </strong><span>7:00 AM - 9:00 PM</span></li><li><strong>Wednesday: </strong><span>7:00 AM - 9:00 PM</span></li><li><strong>Thursday: </strong><span>7:00 AM - 9:00 PM</span></li><li><strong>Friday: </strong><span>7:00 AM - 9:00 PM</span></li><li><strong>Saturday: </strong><span>8:00 AM - 6:00 PM</span></li></ul><h4>Holiday Hours</h4><ul><li><strong>New Year's Day January 1</strong><span>: Closed</span></li><li><strong>Family Day February 17</strong><span>: 10:00 AM - 5:00 PM</span></li><li><strong>Good Friday April 18</strong><span>: Closed</span></li><li><strong>Easter Sunday April 20</strong><span>: Closed</span></li><li><strong>Victoria Day May 19</strong><span>: 10:00 AM - 5:00 PM</span></li><li><strong>Canada Day July 1</strong><span>: Closed</span></li><li><strong>August Civic Holiday August 4</strong><span>: 10:00 AM - 5:00 PM</span></li><li><strong>Labour Day September 1</strong><span>: 10:00 AM - 5:00 PM</span></li><li><strong>Thanksgiving Day October 13</strong><span>: Closed</span></li></ul>","ABC","30 Days with a Receipt."
"014","Midland","9 Grasskamp Park","","US","Orlando","TX","79710","2","Midwest","10","Midwest Uptown","4322448046","lstredderd@quantcast.com","31.8693","-102.0317","Open","Midland","1","2024-10-25 07:24:50","N","N","SINGLE","Leonerd Stredder","http://illinois.edu/non/quam/nec/dui/luctus/rutrum.jpg","http://hao123.com/in/ante/vestibulum/ante/ipsum/primis.png","https://psu.edu/elit.jsp","","http://dummyimage.com/142x100.png/dddddd/000000","data:image/png;base64,iVBORw0KGgoAAAANSUhEUgAAABAAAAAQCAYAAAAf8/9hAAAABGdBTUEAAK/INwWK6QAAABl0RVh0U29mdHdhcmUAQWRvYmUgSW1hZ2VSZWFkeXHJZTwAAANDSURBVDjLXZNLaFxlAIW/+5hn5pkXMWFSU0uN9mFaUlNIUqmkjVIFFRVEUczChVKyduNOETeC+FipEcXajS0VrcQWW2zEllSSUkNK0pjUJNPJZGYyd5I79/H/93dTS/EsD4ePs/k0pRT3ZnRiZBA4DhwAWgATqAKXVaA+/Wjwy5/v3Wv/AUYnRkxgDHj+6dxQJBtrwbIbsD0Q0kFQ4Hz+rJBC/iKEfPHzJ7/bvAsYnRgJAb/2Nu/qP5o7jOVEcPGYtzTCKkLJDlDCI4ZN3v2NydXJa8IXh7594XRVv/NkbH/Tzv6B9l7K0sPXNYTQqYswNmHKboQ1J8ZyNURn4lF62x7c67n+CQCjcuTWAPDByzufMq7LLfLUqQeCTSdB2Q1hOTC3UqO6tUUkW0JLz3GwuZvzM1e2f315bNroG9n34XB7327NiJHXBahW7pMJrhYM6o7OzMomQbRCZNsN3NQcxaCCWZHsbsrpVxdnG03gQC7VwZS9SjGq87DxAAGCpTUPx6mTblNYjePMBxvgKjIiwlzRZej+/fiu2GMCTXGzgSV7lTXXJhnfzoaXpFIJSLc4tGZtirIHy50momrU1kuUN+IkYkl8T2RMpZSmKfBcC0UOMyQ5+4ePFkuQnxfoKkV7S51kbRBrxcdhEt/7G5RCCKGZUgRly7M6mowMyegjLBdNHD9EOBoh2hrj5kIJ50qGwcJpjuZ/ILb+D1upGKUNiRRB1RS++HOxfKtjRzzHudsTZOI7CBs5fMdGGRnCiSwHF09xLDTJQ6+9RaRrF/Vr4/x16RxDVtHSfU98/P3sRbEt0YJpr1At/U4262IKl5CmiOgG3de/ofvwc0RvXkD76iXiC6fo6mxkoLCe0b84dnLcc/2fxmcu8lhHD2mjgWwiIB2WpMIOyZBLdrNAtK0Ljp+B98vw9gLm1ixxXzWbAL7rv3JhbuqSW/f2Du87xI01E6OqEFoNP9CxU43YUz/ScOZN3PptbKBmGUiD1bsyPfHJ40nhi5PCl0de7X/dRLahVBxN18hNnyA1fZHORh9TX6ZWFCwWDOk76h3t/zr3v9v3rBTyDSmDPYEMsnfq6jMl2+5ZWkzHPdUkDbWi4LPhcfHevzBSqkykNJyOAAAAAElFTkSuQmCC","<h4>Store Hours</h4><ul><li><strong>Sunday: </strong><span>9:00 AM - 5:00 PM</span></li><li><strong>Monday: </strong><span>7:00 AM - 9:00 PM</span></li><li><strong>Tuesday: </strong><span>7:00 AM - 9:00 PM</span></li><li><strong>Wednesday: </strong><span>7:00 AM - 9:00 PM</span></li><li><strong>Thursday: </strong><span>7:00 AM - 9:00 PM</span></li><li><strong>Friday: </strong><span>7:00 AM - 9:00 PM</span></li><li><strong>Saturday: </strong><span>8:00 AM - 6:00 PM</span></li></ul><h4>Holiday Hours</h4><ul><li><strong>New Year's Day January 1</strong><span>: Closed</span></li><li><strong>Family Day February 17</strong><span>: 10:00 AM - 5:00 PM</span></li><li><strong>Good Friday April 18</strong><span>: Closed</span></li><li><strong>Easter Sunday April 20</strong><span>: Closed</span></li><li><strong>Victoria Day May 19</strong><span>: 10:00 AM - 5:00 PM</span></li><li><strong>Canada Day July 1</strong><span>: Closed</span></li><li><strong>August Civic Holiday August 4</strong><span>: 10:00 AM - 5:00 PM</span></li><li><strong>Labour Day September 1</strong><span>: 10:00 AM - 5:00 PM</span></li><li><strong>Thanksgiving Day October 13</strong><span>: Closed</span></li></ul>","ABC","30 Days with a Receipt."
"018","New York City","47401 Carberry Street","Room 1562","US","San Bernardino","NY","10110","2","Midwest","10","Midwest Uptown","2129557470","cridesh@furl.net","40.754","-73.9808","Closed","New York City","1","2025-06-16 08:41:27","N","N","SINGLE","Caitrin Rides","http://mediafire.com/quis.aspx","https://yahoo.co.jp/justo/sit/amet/sapien/dignissim/vestibulum.aspx","","https://addthis.com/ultrices/posuere.xml","http://dummyimage.com/122x100.png/5fa2dd/ffffff","data:image/png;base64,iVBORw0KGgoAAAANSUhEUgAAABAAAAAQCAYAAAAf8/9hAAAABGdBTUEAAK/INwWK6QAAABl0RVh0U29mdHdhcmUAQWRvYmUgSW1hZ2VSZWFkeXHJZTwAAAITSURBVDjLpVM9ixNBGH5md/YjH3u3EnKX5BDcKyRNUAs7QUwawT9gZSptJL/gQK6ysLYUsfAX2CSNIVgKV4VwBqIQCGc06mFiYnazu+O8o1mihaA37MPM7L7v+zzPOztMCIGzDA1nHHy96Pf7L6MoqkogDEOsVqsEQRAk8H2f5na9Xq9RHiMLMvm6aZqdfD6vgv4cmzYNw0Cn08FwOKw1Go22UiAZH7iui/F4DMuykqTNRFqPRiNsbW3B8zwiPZCv26zb7Sr2XC6H6XT6m1yyQomMMei6rtgdx0Emk0Gr1cJgMKhxYifp5JWCbNtWWLNvKqE5jmMsl0tUKhX0er0DTkzz+RyTyUQ1aB1EzRRCBqeLCDQb33wLlsGxnYohTo6QcVylkgpUqTptKElaUpI1TcPOxatIp3ZxqZQFN3R8/BrgdOZjlrqA0ragnKpGrOSVQAXWoD2y57G/m8apz/B+Kt8xHXs7DiLTTY6YU4F1Ekkvl8tqJnz6HsA0DYR+iFi2wQ8FbK4jFFx9TwrQCfz0LBJQwGJhIFhFkA/C+FcjGbCQPSt5JaWSy462ms3mzY2/LJn3KjcwK1yBkzLhRwJck1a+rCA+9/Hk4TNJZLfY3y7T4+bQszjunMuahyRgOvfj8MMxu5Y/YfO3r2bvjo/usX+9jS8Ob90tFAuP8t5l983r5oL9z3V+fr98u7hfeRrHYeoHJYR682gpzWwAAAAASUVORK5CYII=","<h4>Store Hours</h4><ul><li><strong>Sunday: </strong><span>9:00 AM - 5:00 PM</span></li><li><strong>Monday: </strong><span>7:00 AM - 9:00 PM</span></li><li><strong>Tuesday: </strong><span>7:00 AM - 9:00 PM</span></li><li><strong>Wednesday: </strong><span>7:00 AM - 9:00 PM</span></li><li><strong>Thursday: </strong><span>7:00 AM - 9:00 PM</span></li><li><strong>Friday: </strong><span>7:00 AM - 9:00 PM</span></li><li><strong>Saturday: </strong><span>8:00 AM - 6:00 PM</span></li></ul><h4>Holiday Hours</h4><ul><li><strong>New Year's Day January 1</strong><span>: Closed</span></li><li><strong>Family Day February 17</strong><span>: 10:00 AM - 5:00 PM</span></li><li><strong>Good Friday April 18</strong><span>: Closed</span></li><li><strong>Easter Sunday April 20</strong><span>: Closed</span></li><li><strong>Victoria Day May 19</strong><span>: 10:00 AM - 5:00 PM</span></li><li><strong>Canada Day July 1</strong><span>: Closed</span></li><li><strong>August Civic Holiday August 4</strong><span>: 10:00 AM - 5:00 PM</span></li><li><strong>Labour Day September 1</strong><span>: 10:00 AM - 5:00 PM</span></li><li><strong>Thanksgiving Day October 13</strong><span>: Closed</span></li></ul>","ABC","30 Days with a Receipt."
"021","Columbus","0908 Anderson Terrace","PO Box 49892","US","Akron","OH","43240","2","Midwest","10","Midwest Uptown","7409445455","lfugek@nasa.gov","40.1454","-82.9817","Closed","Columbus","1","2025-03-28 13:20:09","Y","N","OUTLET","Lorna Fuge","http://google.co.jp/ut/tellus/nulla/ut/erat/id/mauris.js","https://e-recht24.de/ipsum/primis/in/faucibus.jpg","http://unicef.org/felis/sed/lacus/morbi.png","","http://dummyimage.com/229x100.png/dddddd/000000","","<h4>Store Hours</h4><ul><li><strong>Sunday: </strong><span>9:00 AM - 5:00 PM</span></li><li><strong>Monday: </strong><span>7:00 AM - 9:00 PM</span></li><li><strong>Tuesday: </strong><span>7:00 AM - 9:00 PM</span></li><li><strong>Wednesday: </strong><span>7:00 AM - 9:00 PM</span></li><li><strong>Thursday: </strong><span>7:00 AM - 9:00 PM</span></li><li><strong>Friday: </strong><span>7:00 AM - 9:00 PM</span></li><li><strong>Saturday: </strong><span>8:00 AM - 6:00 PM</span></li></ul><h4>Holiday Hours</h4><ul><li><strong>New Year's Day January 1</strong><span>: Closed</span></li><li><strong>Family Day February 17</strong><span>: 10:00 AM - 5:00 PM</span></li><li><strong>Good Friday April 18</strong><span>: Closed</span></li><li><strong>Easter Sunday April 20</strong><span>: Closed</span></li><li><strong>Victoria Day May 19</strong><span>: 10:00 AM - 5:00 PM</span></li><li><strong>Canada Day July 1</strong><span>: Closed</span></li><li><strong>August Civic Holiday August 4</strong><span>: 10:00 AM - 5:00 PM</span></li><li><strong>Labour Day September 1</strong><span>: 10:00 AM - 5:00 PM</span></li><li><strong>Thanksgiving Day October 13</strong><span>: Closed</span></li></ul>","ABC","30 Days with a Receipt."
"017","Columbus","4 Spohn Parkway","","US","Pensacola","GA","31904","3","Northeast","10","Northeast Uptown","7065910638","jmulrenang@sun.com","32.5161","-84.9785","Closed","Columbus","1","2025-02-25 08:59:19","N","N","SINGLE","Jamal Mulrenan","https://bbb.org/at/velit.jsp","http://storify.com/donec.aspx","http://people.com.cn/sit/amet/consectetuer/adipiscing/elit/proin.png","https://wisc.edu/cubilia/curae/donec/pharetra/magna/vestibulum.xml","http://dummyimage.com/156x100.png/5fa2dd/ffffff","data:image/png;base64,iVBORw0KGgoAAAANSUhEUgAAABAAAAAQCAYAAAAf8/9hAAAABGdBTUEAAK/INwWK6QAAABl0RVh0U29mdHdhcmUAQWRvYmUgSW1hZ2VSZWFkeXHJZTwAAAHbSURBVDjLdVK9qhpREJ7j7vrLGlhRiaCFFikkT2BxQZs8Q7pgJ9rcVuIj3MYHSJdXUAj+FDa2wSaIIihcJVUs1t91c75z7yyLd+8Hw5k5M9/MnDkjXNclYDqdDhzHqV6vV5In4fTL5XLx68N6vV4DTyCBJD/EYrFxsVik8/lM9+AigGEYNBqNaL1e15rN5lDHpczasSyLttstRSIRj+QnQt9sNpRMJqlUKtFyuWzL66GYTCYP8Xh8XCgUaL/fqw5Y0C6IQgjSNE1VN02TEokEDQYDWq1WNV2+p5NOp9UbERSNRpVwdX8nOG+3Gx2PRyqXyzSfz9s6qhwOB9rtdmTbtkeAcAcgASgCW9d1ymQyyo8EVVSezWaqVSbjCaFQyEsAMvsBDFzeVXX+nnw+T6fTSQVDkBQ+fCnPATZ8sJmn87/LqaqKnIBnwglgc0cAYlQCOFKpFFUqFS+Yg2BzMMh+fy6X8xL0e73eF27pbuPebCRvKU4pfeFfFkar1focDod/Z7NZZcutu3W7XY0CIBqNhhvkIC1inzVLraXh/LOFY5tBYWqVsZr3WCwW8WK1ofTNr+/mOzEvCaDc469buHywHYN1GWQEPiFoBsDHr3+e5PHt1fzx/PPTY1Dcf079mla6MmR7AAAAAElFTkSuQmCC","<h4>Store Hours</h4><ul><li><strong>Sunday: </strong><span>9:00 AM - 5:00 PM</span></li><li><strong>Monday: </strong><span>7:00 AM - 9:00 PM</span></li><li><strong>Tuesday: </strong><span>7:00 AM - 9:00 PM</span></li><li><strong>Wednesday: </strong><span>7:00 AM - 9:00 PM</span></li><li><strong>Thursday: </strong><span>7:00 AM - 9:00 PM</span></li><li><strong>Friday: </strong><span>7:00 AM - 9:00 PM</span></li><li><strong>Saturday: </strong><span>8:00 AM - 6:00 PM</span></li></ul><h4>Holiday Hours</h4><ul><li><strong>New Year's Day January 1</strong><span>: Closed</span></li><li><strong>Family Day February 17</strong><span>: 10:00 AM - 5:00 PM</span></li><li><strong>Good Friday April 18</strong><span>: Closed</span></li><li><strong>Easter Sunday April 20</strong><span>: Closed</span></li><li><strong>Victoria Day May 19</strong><span>: 10:00 AM - 5:00 PM</span></li><li><strong>Canada Day July 1</strong><span>: Closed</span></li><li><strong>August Civic Holiday August 4</strong><span>: 10:00 AM - 5:00 PM</span></li><li><strong>Labour Day September 1</strong><span>: 10:00 AM - 5:00 PM</span></li><li><strong>Thanksgiving Day October 13</strong><span>: Closed</span></li></ul>","ABC","30 Days with a Receipt."
"003","Corpus Christi","33206 Portage Park","Suite 72","US","Salt Lake City","TX","78426","1","SouthEast","20","Southeast Downtown","3615812842","dheak2@cnet.com","27.777","-97.4632","Open","Corpus Christi","1","2024-11-02 04:31:59","Y","N","MALL","Drusie Heak","https://squarespace.com/orci.png","http://sohu.com/nam/congue.html","","","http://dummyimage.com/180x100.png/5fa2dd/ffffff","","<h4>Store Hours</h4><ul><li><strong>Sunday: </strong><span>9:00 AM - 5:00 PM</span></li><li><strong>Monday: </strong><span>7:00 AM - 9:00 PM</span></li><li><strong>Tuesday: </strong><span>7:00 AM - 9:00 PM</span></li><li><strong>Wednesday: </strong><span>7:00 AM - 9:00 PM</span></li><li><strong>Thursday: </strong><span>7:00 AM - 9:00 PM</span></li><li><strong>Friday: </strong><span>7:00 AM - 9:00 PM</span></li><li><strong>Saturday: </strong><span>8:00 AM - 6:00 PM</span></li></ul><h4>Holiday Hours</h4><ul><li><strong>New Year's Day January 1</strong><span>: Closed</span></li><li><strong>Family Day February 17</strong><span>: 10:00 AM - 5:00 PM</span></li><li><strong>Good Friday April 18</strong><span>: Closed</span></li><li><strong>Easter Sunday April 20</strong><span>: Closed</span></li><li><strong>Victoria Day May 19</strong><span>: 10:00 AM - 5:00 PM</span></li><li><strong>Canada Day July 1</strong><span>: Closed</span></li><li><strong>August Civic Holiday August 4</strong><span>: 10:00 AM - 5:00 PM</span></li><li><strong>Labour Day September 1</strong><span>: 10:00 AM - 5:00 PM</span></li><li><strong>Thanksgiving Day October 13</strong><span>: Closed</span></li></ul>","ABC","30 Days with a Receipt."
"019","Des Moines","12 Packers Point","14th Floor","US","Hartford","IA","50320","1","SouthEast","20","Southeast Downtown","5154115713","dcoyei@hhs.gov","41.5487","-93.5827","Open","Des Moines","1","2024-10-21 09:59:31","Y","Y","MALL","Devlen Coye","https://bizjournals.com/curae/nulla.xml","http://livejournal.com/lacinia/nisi/venenatis.json","","","http://dummyimage.com/173x100.png/dddddd/000000","","<h4>Store Hours</h4><ul><li><strong>Sunday: </strong><span>9:00 AM - 5:00 PM</span></li><li><strong>Monday: </strong><span>7:00 AM - 9:00 PM</span></li><li><strong>Tuesday: </strong><span>7:00 AM - 9:00 PM</span></li><li><strong>Wednesday: </strong><span>7:00 AM - 9:00 PM</span></li><li><strong>Thursday: </strong><span>7:00 AM - 9:00 PM</span></li><li><strong>Friday: </strong><span>7:00 AM - 9:00 PM</span></li><li><strong>Saturday: </strong><span>8:00 AM - 6:00 PM</span></li></ul><h4>Holiday Hours</h4><ul><li><strong>New Year's Day January 1</strong><span>: Closed</span></li><li><strong>Family Day February 17</strong><span>: 10:00 AM - 5:00 PM</span></li><li><strong>Good Friday April 18</strong><span>: Closed</span></li><li><strong>Easter Sunday April 20</strong><span>: Closed</span></li><li><strong>Victoria Day May 19</strong><span>: 10:00 AM - 5:00 PM</span></li><li><strong>Canada Day July 1</strong><span>: Closed</span></li><li><strong>August Civic Holiday August 4</strong><span>: 10:00 AM - 5:00 PM</span></li><li><strong>Labour Day September 1</strong><span>: 10:00 AM - 5:00 PM</span></li><li><strong>Thanksgiving Day October 13</strong><span>: Closed</span></li></ul>","ABC","30 Days with a Receipt."
"015","Camden","72 Sommers Road","Room 1434","US","Washington","NJ","08104","2","Midwest","20","Midwest Downtown","8563763096","tbaudoue@linkedin.com","39.9186","-75.1078","Closed","Camden","1","2025-06-13 15:26:43","Y","N","OUTLET","Theodor Baudou","https://qq.com/in/sagittis/dui.js","https://bbc.co.uk/consequat/lectus/in/est/risus.png","https://ed.gov/ac/enim/in/tempor/turpis/nec/euismod.png","","http://dummyimage.com/235x100.png/5fa2dd/ffffff","data:image/png;base64,iVBORw0KGgoAAAANSUhEUgAAABAAAAAQCAYAAAAf8/9hAAAABGdBTUEAAK/INwWK6QAAABl0RVh0U29mdHdhcmUAQWRvYmUgSW1hZ2VSZWFkeXHJZTwAAACYSURBVDjLY/j//z8DJZhh1AAcBvSLXQHi//97xD797xLb/b9V1IZ0F3SJ8QE1pv6vFz3yv0rk/v9SYRviDWgVvQLU+A+o8Q5QY8r/AqEj/zOFdpPmglLhIKDGOUCNd/4nC6b+jxP4RLwBBUL7/tcq/wdqTAdq/Pc/UoDvfwj/f+INSBacDNR4AswO4b8Cpn35roymRBoZAADgYeRxtD76EQAAAABJRU5ErkJggg==","<h4>Store Hours</h4><ul><li><strong>Sunday: </strong><span>9:00 AM - 5:00 PM</span></li><li><strong>Monday: </strong><span>7:00 AM - 9:00 PM</span></li><li><strong>Tuesday: </strong><span>7:00 AM - 9:00 PM</span></li><li><strong>Wednesday: </strong><span>7:00 AM - 9:00 PM</span></li><li><strong>Thursday: </strong><span>7:00 AM - 9:00 PM</span></li><li><strong>Friday: </strong><span>7:00 AM - 9:00 PM</span></li><li><strong>Saturday: </strong><span>8:00 AM - 6:00 PM</span></li></ul><h4>Holiday Hours</h4><ul><li><strong>New Year's Day January 1</strong><span>: Closed</span></li><li><strong>Family Day February 17</strong><span>: 10:00 AM - 5:00 PM</span></li><li><strong>Good Friday April 18</strong><span>: Closed</span></li><li><strong>Easter Sunday April 20</strong><span>: Closed</span></li><li><strong>Victoria Day May 19</strong><span>: 10:00 AM - 5:00 PM</span></li><li><strong>Canada Day July 1</strong><span>: Closed</span></li><li><strong>August Civic Holiday August 4</strong><span>: 10:00 AM - 5:00 PM</span></li><li><strong>Labour Day September 1</strong><span>: 10:00 AM - 5:00 PM</span></li><li><strong>Thanksgiving Day October 13</strong><span>: Closed</span></li></ul>","ABC","30 Days with a Receipt."
"008","Tampa","187 Larry Point","PO Box 23817","US","Madison","FL","33605","3","Northeast","20","Northeast Downtown","8137034767","ctrewett7@hhs.gov","27.9671","-82.4334","Open","Tampa","1","2025-02-22 15:05:12","Y","N","OUTLET","Codi Trewett","https://virginia.edu/dictumst/maecenas.jsp","http://shinystat.com/pellentesque/ultrices.xml","","","http://dummyimage.com/198x100.png/cc0000/ffffff","","<h4>Store Hours</h4><ul><li><strong>Sunday: </strong><span>9:00 AM - 5:00 PM</span></li><li><strong>Monday: </strong><span>7:00 AM - 9:00 PM</span></li><li><strong>Tuesday: </strong><span>7:00 AM - 9:00 PM</span></li><li><strong>Wednesday: </strong><span>7:00 AM - 9:00 PM</span></li><li><strong>Thursday: </strong><span>7:00 AM - 9:00 PM</span></li><li><strong>Friday: </strong><span>7:00 AM - 9:00 PM</span></li><li><strong>Saturday: </strong><span>8:00 AM - 6:00 PM</span></li></ul><h4>Holiday Hours</h4><ul><li><strong>New Year's Day January 1</strong><span>: Closed</span></li><li><strong>Family Day February 17</strong><span>: 10:00 AM - 5:00 PM</span></li><li><strong>Good Friday April 18</strong><span>: Closed</span></li><li><strong>Easter Sunday April 20</strong><span>: Closed</span></li><li><strong>Victoria Day May 19</strong><span>: 10:00 AM - 5:00 PM</span></li><li><strong>Canada Day July 1</strong><span>: Closed</span></li><li><strong>August Civic Holiday August 4</strong><span>: 10:00 AM - 5:00 PM</span></li><li><strong>Labour Day September 1</strong><span>: 10:00 AM - 5:00 PM</span></li><li><strong>Thanksgiving Day October 13</strong><span>: Closed</span></li></ul>","ABC","30 Days with a Receipt."
"025","Evansville","88 Lakeland Trail","Apt 758","US","Winter Haven","IN","47747","3","Northeast","20","Northeast Downtown","8129871650","lmitrikhino@dailymail.co.uk","37.9971","-87.575","Open","Evansville","1","2024-08-21 23:40:20","N","N","MALL","Lauryn Mitrikhin","http://shop-pro.jp/aliquam/sit/amet/diam.xml","https://uiuc.edu/ante/ipsum/primis/in/faucibus.aspx","","","","data:image/png;base64,iVBORw0KGgoAAAANSUhEUgAAABAAAAAQCAYAAAAf8/9hAAAABGdBTUEAAK/INwWK6QAAABl0RVh0U29mdHdhcmUAQWRvYmUgSW1hZ2VSZWFkeXHJZTwAAANDSURBVDjLZZNvUBN0GMf3ot7ldb2q63UvuuuFd93Vq/ROMYyu9C4CCwE1uqHFOD3D1SxPUFCb5OBwBwMJMf5GjT/bMBhjILjGNraxv47JcGrIakIYAxT89BtXHdqLz7vn832eF99HAkg2UjhyYIugXRAR/CVYFswKumXD+995en6j+Izgh6TQf6sJe6wP0/QoutAonYEBOgLNHDLlPJL2ZRk+Mex57okAIT0rGGkMnufeooNQ3IsnPo424kQ/5afR6+Wya5x21wgV1jPkaNPdH7fvfn5jQFND4AxTC2b8CxZ8cz6csy6aJ338OBVG5ZhE+WuA74asaH0DVFgUpF9517AeIOS3BA+jD8zo5vR0zOvpjQ/Re9tLXfAGFz0hZHoHsh4Lp216NJEqHDNa3q9NXU1Tb9+dDPhJP1WN/Xc9LXNdtN23Yo25KXf6UNpuINU5yDcaOeLXoHYeJNj0EZNdpbgupVJS+YYnGRCd+KOHxmgt5bFLYrsXS8xF4S9OpF12iqw28iePUeLYxYxJzvyEDh7cZW6iA+P5nWvJgMXwvIlTwWJkk3I0dwdpidjJaR2jYGAYZegqSruCmO8EK7e7mTErSXh+ZnV6hPH6T5HIru1P3Jwz8Y37KAVuFfXTRnJbLOR2ekivuc6F/mri3q9ZS4yQuFlAfExG4EoeEw15vFf85rLks8HcO87ZTlTeU3wbHqTEdo3MRjvZ2hAntc3c93zF2pKFxfA+lqJ7WfAr8GtSMI+peF2x+Z5EFKNbG6hEN9XA4eunOelqJbtpFHltJTM2+T9yLku3svjTexy/+m2+139Onak4GTAoOaDLTBXFeOSJ6fnCeIgjA4WUNp3Fc7VInD3MUiSP5WgO8+KSgJCLLmZiDjcn5ceCrPUi7Wnd1VVuPkZPoAZlfQY+gwJ3r4o71gwWI3uJu77Epd6BXJ1BzVAxx9vy17f/18QPLqdtEsVwl/Uepv1cCixME9R8iEnxMqPVafSVbafBfBRjqAFFqzQphwQvPfFMO6u2bUq5sMVQIn2NFUsVK9YKrKXbaDv4Ct3D1WjMJ5LianKz4MX/feO/ZGx94WHZvlcf959No+7c1rUdis0JIfwmGBBkPz3/Nw6S0St8tXZAAAAAAElFTkSuQmCC","<h4>Store Hours</h4><ul><li><strong>Sunday: </strong><span>9:00 AM - 5:00 PM</span></li><li><strong>Monday: </strong><span>7:00 AM - 9:00 PM</span></li><li><strong>Tuesday: </strong><span>7:00 AM - 9:00 PM</span></li><li><strong>Wednesday: </strong><span>7:00 AM - 9:00 PM</span></li><li><strong>Thursday: </strong><span>7:00 AM - 9:00 PM</span></li><li><strong>Friday: </strong><span>7:00 AM - 9:00 PM</span></li><li><strong>Saturday: </strong><span>8:00 AM - 6:00 PM</span></li></ul><h4>Holiday Hours</h4><ul><li><strong>New Year's Day January 1</strong><span>: Closed</span></li><li><strong>Family Day February 17</strong><span>: 10:00 AM - 5:00 PM</span></li><li><strong>Good Friday April 18</strong><span>: Closed</span></li><li><strong>Easter Sunday April 20</strong><span>: Closed</span></li><li><strong>Victoria Day May 19</strong><span>: 10:00 AM - 5:00 PM</span></li><li><strong>Canada Day July 1</strong><span>: Closed</span></li><li><strong>August Civic Holiday August 4</strong><span>: 10:00 AM - 5:00 PM</span></li><li><strong>Labour Day September 1</strong><span>: 10:00 AM - 5:00 PM</span></li><li><strong>Thanksgiving Day October 13</strong><span>: Closed</span></li></ul>","ABC","30 Days with a Receipt."
"004","Frankfort","224 Eagle Crest Park","","US","Houston","KY","40618","1","SouthEast","30","Southeast Beach","5029530222","ro3@cnet.com","38.2341","-84.8748","Open","Frankfort","1","2025-05-16 01:03:27","N","N","OUTLET","Rhys O' Driscoll","http://nps.gov/tortor/id.js","http://twitpic.com/semper/sapien/a/libero/nam.jsp","http://google.fr/eu/nibh/quisque/id.aspx","","http://dummyimage.com/237x100.png/ff4444/ffffff","data:image/png;base64,iVBORw0KGgoAAAANSUhEUgAAABAAAAAQCAYAAAAf8/9hAAAABGdBTUEAAK/INwWK6QAAABl0RVh0U29mdHdhcmUAQWRvYmUgSW1hZ2VSZWFkeXHJZTwAAAH6SURBVDjLjZPPaxNBHMVT/wgRsVDPgpdIya3QitWDepAqWKgHQaSiPfij4CHtRSEXRUmwKYW2emkRoYgHUbQEkVLFSmoJXWtRUtlkk7WZ/TW7yyY+57t0wyY1moHHLuz3fWbesC8CICLWAaGoUPd/1CW0hzyBIjuAqOM4zPO8WrVaxd8kviOZTD5ohgSAbjKbpgnLsurSNA2VSgWKoviQQqGAVCrVAKHVQQAasG0bruv6T5JhGGCMoVQq+QDOOWiTdDrtQ3YByByIAGTQdR3lcnlXpJ076WgAiBj1AXqn3EEUVVX9k8iy3BrQrDBE1xh+ZhLYenkZlbWn7QHCEOXDFNTlEXjGMoqLF3Hn7L6RtgCkX6tzKGWG4LEnYGvjUJfi2Hh82n5x9eD5tgDym1G42/Nw5Dic4iRYNg6eH4c00cNaAujogZSlhzA3E+A/hmHnr4N/vwD+dQCfxmLGPwGmnIX8+gqKmUvQpSHwjVOwNwdhrQ/g49hhd+ZcV+sIbP05thbETvk0rG9nwKVjWEn14Mu9fuTuH8fN3r2jzZf4uyH3q2GReRb6agw814/PE33IvZ2HazC4plYjT7gLR8TfZwljvUzFxWtwlbuwpJNYedQH6d2zAF4Ts5Q9GgZ0EiRc3blbh6azU0e33ydihRsn9t9uqjVVv5O8fwBNdbGhhwEriAAAAABJRU5ErkJggg==","<h4>Store Hours</h4><ul><li><strong>Sunday: </strong><span>9:00 AM - 5:00 PM</span></li><li><strong>Monday: </strong><span>7:00 AM - 9:00 PM</span></li><li><strong>Tuesday: </strong><span>7:00 AM - 9:00 PM</span></li><li><strong>Wednesday: </strong><span>7:00 AM - 9:00 PM</span></li><li><strong>Thursday: </strong><span>7:00 AM - 9:00 PM</span></li><li><strong>Friday: </strong><span>7:00 AM - 9:00 PM</span></li><li><strong>Saturday: </strong><span>8:00 AM - 6:00 PM</span></li></ul><h4>Holiday Hours</h4><ul><li><strong>New Year's Day January 1</strong><span>: Closed</span></li><li><strong>Family Day February 17</strong><span>: 10:00 AM - 5:00 PM</span></li><li><strong>Good Friday April 18</strong><span>: Closed</span></li><li><strong>Easter Sunday April 20</strong><span>: Closed</span></li><li><strong>Victoria Day May 19</strong><span>: 10:00 AM - 5:00 PM</span></li><li><strong>Canada Day July 1</strong><span>: Closed</span></li><li><strong>August Civic Holiday August 4</strong><span>: 10:00 AM - 5:00 PM</span></li><li><strong>Labour Day September 1</strong><span>: 10:00 AM - 5:00 PM</span></li><li><strong>Thanksgiving Day October 13</strong><span>: Closed</span></li></ul>","ABC","30 Days with a Receipt."
"009","Memphis","2 Mayer Lane","","US","Boston","TN","38161","1","SouthEast","30","Southeast Beach","9018912375","istratford8@webs.com","35.2017","-89.9715","Closed","Memphis","1","2025-06-25 13:49:28","N","N","MALL","Ivonne Stratford","http://goodreads.com/suspendisse/accumsan/tortor/quis/turpis/sed.jsp","https://cargocollective.com/massa/id/nisl/venenatis/lacinia.html","","","http://dummyimage.com/220x100.png/cc0000/ffffff","data:image/png;base64,iVBORw0KGgoAAAANSUhEUgAAABAAAAAQCAYAAAAf8/9hAAAABGdBTUEAAK/INwWK6QAAABl0RVh0U29mdHdhcmUAQWRvYmUgSW1hZ2VSZWFkeXHJZTwAAAKFSURBVDjLfZM7aBRhEMd/3+7t7W7OmJjnxRjDKUYNnPEJHjZqo4WIEAQhFhY+asVGsLIUbGwVRMFGfKDpRWzEqCEKIko0GlQ0MV4e5u5279sZi+AjRh0Yhml+zPznP+Zy/+A5EdNXiiWILAtD57deCgKPS4f3bTwOkBI1B/ds62gOgsAY4/K/qAgktsrNu8OHgDlAKRLf9wNz5V6RChPMmJfkWscIvSmsCl+nQ54P11Gja0nRyMn9ORIx5gc0FVtwHBfHQOx8Itc0hp9+x1Q0g00sKd9nRUcbI28y1KebEJk/VQpAAMcxRDpO2isyWZ4iSirE1mJ1Ft/3mY1CGkMHRecJ8wtgDGqFKKlSsRHlakQslkQAU0UlIeUYVOer6gCozgECmpmZzaB4RJIQ2QRj0rRUXI6tGiXjlUHNPwCOYZHbzodPrVQmFlGjDdSaBkyxgbzOsKZrO93+/QWXcfR3gNfC0nADxaEi9ukIDL0lP/mF3MqdLG7bwDJ9gJ1+vVBEVXg5cZREhESErmicQkcn6oJTE1PbVE8yfYdl6/oYH76GYe8vgKpigN1zxgLAzU9Smv1C5v1dsvkDUBlk4Optth45xbvRBzT4OQ82z61g/uLXJKxHPJfMkhXULikh0QiokHx7RG77Cdqn+4OB84VaACfwzBRSpad1Kz3ZAuuyBfItm6kbfUj98vVI6RkqZTb1rkbijwTBKzq7dzg2io8DmIu3Bs+KmkKcaP7Hidui++ktnRJmu0KSbwOoxjy58YJNvWsxbh2Eu3h88fSYiuwwfxoDYOB84X2+72q767xFbfGPFR3ccDWfnw/xqv/M9dTfvs5GcTB4obesoqjIb6k/KyKoavY7re8z/KbjU2AAAAAASUVORK5CYII=","<h4>Store Hours</h4><ul><li><strong>Sunday: </strong><span>9:00 AM - 5:00 PM</span></li><li><strong>Monday: </strong><span>7:00 AM - 9:00 PM</span></li><li><strong>Tuesday: </strong><span>7:00 AM - 9:00 PM</span></li><li><strong>Wednesday: </strong><span>7:00 AM - 9:00 PM</span></li><li><strong>Thursday: </strong><span>7:00 AM - 9:00 PM</span></li><li><strong>Friday: </strong><span>7:00 AM - 9:00 PM</span></li><li><strong>Saturday: </strong><span>8:00 AM - 6:00 PM</span></li></ul><h4>Holiday Hours</h4><ul><li><strong>New Year's Day January 1</strong><span>: Closed</span></li><li><strong>Family Day February 17</strong><span>: 10:00 AM - 5:00 PM</span></li><li><strong>Good Friday April 18</strong><span>: Closed</span></li><li><strong>Easter Sunday April 20</strong><span>: Closed</span></li><li><strong>Victoria Day May 19</strong><span>: 10:00 AM - 5:00 PM</span></li><li><strong>Canada Day July 1</strong><span>: Closed</span></li><li><strong>August Civic Holiday August 4</strong><span>: 10:00 AM - 5:00 PM</span></li><li><strong>Labour Day September 1</strong><span>: 10:00 AM - 5:00 PM</span></li><li><strong>Thanksgiving Day October 13</strong><span>: Closed</span></li></ul>","ABC","30 Days with a Receipt."
"011","Warren","23464 Monument Alley","","US","Buffalo","OH","44485","1","SouthEast","30","Southeast Beach","3303091184","crosparsa@etsy.com","41.2405","-80.8441","Closed","Warren","1","2025-04-28 15:56:23","N","Y","OUTLET","Claretta Rospars","http://dedecms.com/varius.js","http://comsenz.com/habitasse/platea/dictumst/morbi/vestibulum/velit/id.aspx","http://examiner.com/faucibus.png","http://xing.com/ut/massa/quis/augue.json","http://dummyimage.com/135x100.png/dddddd/000000","data:image/png;base64,iVBORw0KGgoAAAANSUhEUgAAABAAAAAQCAYAAAAf8/9hAAAABGdBTUEAAK/INwWK6QAAABl0RVh0U29mdHdhcmUAQWRvYmUgSW1hZ2VSZWFkeXHJZTwAAAIbSURBVDjLpZNfZNVhGMc/7/v7nTq1P9Vkso0kJy1ZjZWZ6CKTlMW6qYmUFNkuqpslYnSxXYwolXURXdRNTRszRU2aWTRbaTctUs1pSjSn/M7vvH+eLn6nsYixh8f7PK/3+fD9eh8lIiwnNMuMZQNCHtb/R4MH48EasB5MAaxL7hxQEIghBCDT9s+sX5zOg3NJbVyxtvDiQREAkMuC94grPrAWcRaMRaxJemMQa8EaUpVbIZK/AAERaLiESpUhU7cR59A7ToONcMPn0QeuoVJp7EgP8mUSjCkCrE20iYdUOTLehWq8gnIx/vUtcB69ux3Mb8xAB0HdUeyniQWAxpgE4AV0CKUbwVtkfhbd1ImuP4WfeYJav4XwyB3851fgE4nEQkiUT/R5jwLU9hPIhyEorcY9akPv70Vva2W4r5URX8J89AsTaZrjrxyLhZDYJjTvwRv8xHX0rgvI+yGC1nvgDIODXUxVrGNvbQM1FRlGph8z8O4l38sDlPRUCTuPI/xMXLcWMYnTYhL3z87lOXzwEASaltoOep+dIUDT3z+IJhIwBpVPo/Or0PFqAlNCYMsJZS2hVPAt94OUKqWltgOAi/v62FxZR0FBSCTw/P7Cz8IJFBafueo009kx3mRH6Wy+S/fTk6SDlawQUEvZxsb2qqs1m9ZcbqrbQ2ZDPTNzk4y9HWX243yvWuo6N7ZXdQPngDIgB9wcv5Ht/APUTCZid72ZzgAAAABJRU5ErkJggg==","<h4>Store Hours</h4><ul><li><strong>Sunday: </strong><span>9:00 AM - 5:00 PM</span></li><li><strong>Monday: </strong><span>7:00 AM - 9:00 PM</span></li><li><strong>Tuesday: </strong><span>7:00 AM - 9:00 PM</span></li><li><strong>Wednesday: </strong><span>7:00 AM - 9:00 PM</span></li><li><strong>Thursday: </strong><span>7:00 AM - 9:00 PM</span></li><li><strong>Friday: </strong><span>7:00 AM - 9:00 PM</span></li><li><strong>Saturday: </strong><span>8:00 AM - 6:00 PM</span></li></ul><h4>Holiday Hours</h4><ul><li><strong>New Year's Day January 1</strong><span>: Closed</span></li><li><strong>Family Day February 17</strong><span>: 10:00 AM - 5:00 PM</span></li><li><strong>Good Friday April 18</strong><span>: Closed</span></li><li><strong>Easter Sunday April 20</strong><span>: Closed</span></li><li><strong>Victoria Day May 19</strong><span>: 10:00 AM - 5:00 PM</span></li><li><strong>Canada Day July 1</strong><span>: Closed</span></li><li><strong>August Civic Holiday August 4</strong><span>: 10:00 AM - 5:00 PM</span></li><li><strong>Labour Day September 1</strong><span>: 10:00 AM - 5:00 PM</span></li><li><strong>Thanksgiving Day October 13</strong><span>: Closed</span></li></ul>","ABC","30 Days with a Receipt."
"020","New York City","68 Monterey Parkway","PO Box 75160","US","Hartford","NY","10019","1","SouthEast","30","Southeast Beach","7186822750","rpregalj@wikispaces.com","40.7651","-73.9858","Closed","New York City","1","2024-11-07 06:11:12","N","Y","SINGLE","Rustie Pregal","http://tamu.edu/cras/pellentesque/volutpat/dui/maecenas/tristique/est.jsp","https://tumblr.com/sit/amet/nunc/viverra/dapibus/nulla.json","https://sitemeter.com/ligula/nec.html","","http://dummyimage.com/132x100.png/5fa2dd/ffffff","data:image/png;base64,iVBORw0KGgoAAAANSUhEUgAAABAAAAAQCAYAAAAf8/9hAAAABGdBTUEAAK/INwWK6QAAABl0RVh0U29mdHdhcmUAQWRvYmUgSW1hZ2VSZWFkeXHJZTwAAAIzSURBVDjLpVO7a1NRGP/dm9ubpGlMioGiLdFBHCyFtksHZ6tiQZAMEbqZwTGgkw7B3cmugoOL/0ATujadlIZchCwGWlERF5XbNOc+zsPvnNvUQmMWAx8f5+b8Ht/jWEop/M/POXvodDpvOOebcRw7lEHZRBRFOr+rVCoPxxJ4nlcgwOtisVhJp6cREghSwngjh7OzRezstKp0Ok/Q7XbvaHCpVJrP5XI4OPwGrS6lglSSiBQEkYVhOL4Eutwql8vmwFiAmMAfvX0ikKdxa/2uKWMsga7RdV34vp8oC4Ebi8tGXZ2o60b/04FmFgTSl/RAtHWv+4GyMOr6v0v37k92kPRKmcuaYHFp1aiPXKgJPbBHzIkDbZlIxEn9dgRf/UT6+wGezRxCvXqsxNMN/xzBKVj8bZwm2vq0gha7jedf1oCpLHBxgZTsqUe96gzFpiHQ1kbbqC2b8ckkz81lca1gwc24oPEAEcWx0Fd/2Zbztuo9+GEc6CmkUqmk7rMuIglOFfIhfWccKiTwkIPx2CmggCAILmgH79vtNgaDAfL5PDLZNG2gZYhiAvKQSjsmhwE1m+ngBAzJTEx7E2bsWq221u/3N5rN5v7e3i7SroWrVxZQLs9DDEmdaQIYIAJyEQmwIMBRNEAcxclbqNfr25S2G43Geq/Xe0mjXdJLJS6/AM9RbwIaJyP700TCpdlY3z4CCxmsSc955clnZSnznnDz967KOrC+Dp2wc104yh6mZJzlfwCf3q+o0qkR9wAAAABJRU5ErkJggg==","<h4>Store Hours</h4><ul><li><strong>Sunday: </strong><span>9:00 AM - 5:00 PM</span></li><li><strong>Monday: </strong><span>7:00 AM - 9:00 PM</span></li><li><strong>Tuesday: </strong><span>7:00 AM - 9:00 PM</span></li><li><strong>Wednesday: </strong><span>7:00 AM - 9:00 PM</span></li><li><strong>Thursday: </strong><span>7:00 AM - 9:00 PM</span></li><li><strong>Friday: </strong><span>7:00 AM - 9:00 PM</span></li><li><strong>Saturday: </strong><span>8:00 AM - 6:00 PM</span></li></ul><h4>Holiday Hours</h4><ul><li><strong>New Year's Day January 1</strong><span>: Closed</span></li><li><strong>Family Day February 17</strong><span>: 10:00 AM - 5:00 PM</span></li><li><strong>Good Friday April 18</strong><span>: Closed</span></li><li><strong>Easter Sunday April 20</strong><span>: Closed</span></li><li><strong>Victoria Day May 19</strong><span>: 10:00 AM - 5:00 PM</span></li><li><strong>Canada Day July 1</strong><span>: Closed</span></li><li><strong>August Civic Holiday August 4</strong><span>: 10:00 AM - 5:00 PM</span></li><li><strong>Labour Day September 1</strong><span>: 10:00 AM - 5:00 PM</span></li><li><strong>Thanksgiving Day October 13</strong><span>: Closed</span></li></ul>","ABC","30 Days with a Receipt."
"023","Cincinnati","4 Loeprich Terrace","","US","Oklahoma City","OH","45203","1","SouthEast","30","Southeast Beach","5133400812","gyoulesm@vinaora.com","39.1075","-84.5257","Open","Cincinnati","1","2024-08-24 08:18:13","N","N","OUTLET","Gabbie Youles","http://cnbc.com/integer/ac/neque/duis/bibendum/morbi.xml","http://time.com/consequat/lectus/in/est/risus/auctor/sed.js","http://weebly.com/iaculis/congue.aspx","","http://dummyimage.com/141x100.png/ff4444/ffffff","data:image/png;base64,iVBORw0KGgoAAAANSUhEUgAAABAAAAAQCAYAAAAf8/9hAAAABGdBTUEAAK/INwWK6QAAABl0RVh0U29mdHdhcmUAQWRvYmUgSW1hZ2VSZWFkeXHJZTwAAACxSURBVDjL7dI9C0FxGAXw8znu5/IdZDGYjI+BzWSwKFnlpW5dcaPkbgalPInyzqSrG65w0/EJlH9Ww1l/dU4HJPFL8Ac+AB4sepCoDw1dqG9DdlVYJoC8VsLI7/B5dBhMhNMy5Gvg0YNGJ5f3bYbhPMVw3+SwAP0aCBzo49jmbZnmVeO8rOvs5gyAQw3ij4XhweZ50+BiIKwkDSrMKrBGRYiXh7Yy0FICko2ZjPh/olHeFCjwX864N2kAAAAASUVORK5CYII=","<h4>Store Hours</h4><ul><li><strong>Sunday: </strong><span>9:00 AM - 5:00 PM</span></li><li><strong>Monday: </strong><span>7:00 AM - 9:00 PM</span></li><li><strong>Tuesday: </strong><span>7:00 AM - 9:00 PM</span></li><li><strong>Wednesday: </strong><span>7:00 AM - 9:00 PM</span></li><li><strong>Thursday: </strong><span>7:00 AM - 9:00 PM</span></li><li><strong>Friday: </strong><span>7:00 AM - 9:00 PM</span></li><li><strong>Saturday: </strong><span>8:00 AM - 6:00 PM</span></li></ul><h4>Holiday Hours</h4><ul><li><strong>New Year's Day January 1</strong><span>: Closed</span></li><li><strong>Family Day February 17</strong><span>: 10:00 AM - 5:00 PM</span></li><li><strong>Good Friday April 18</strong><span>: Closed</span></li><li><strong>Easter Sunday April 20</strong><span>: Closed</span></li><li><strong>Victoria Day May 19</strong><span>: 10:00 AM - 5:00 PM</span></li><li><strong>Canada Day July 1</strong><span>: Closed</span></li><li><strong>August Civic Holiday August 4</strong><span>: 10:00 AM - 5:00 PM</span></li><li><strong>Labour Day September 1</strong><span>: 10:00 AM - 5:00 PM</span></li><li><strong>Thanksgiving Day October 13</strong><span>: Closed</span></li></ul>","ABC","30 Days with a Receipt."
"002","Fresno","01 Stephen Alley","Room 1054","US","Spokane","CA","93778","2","Midwest","30","Midwest Beach","5593503050","cmucklo1@illinois.edu","36.7464","-119.6397","Open","Fresno","1","2024-09-10 05:29:24","Y","N","OUTLET","Cordie Mucklo","https://ehow.com/in/eleifend/quam/a/odio/in/hac.html","https://squidoo.com/faucibus.jsp","http://squarespace.com/ut/mauris/eget/massa/tempor/convallis/nulla.js","http://lycos.com/orci/luctus/et/ultrices/posuere/cubilia.png","http://dummyimage.com/224x100.png/5fa2dd/ffffff","data:image/png;base64,iVBORw0KGgoAAAANSUhEUgAAABAAAAAQCAYAAAAf8/9hAAAABGdBTUEAAK/INwWK6QAAABl0RVh0U29mdHdhcmUAQWRvYmUgSW1hZ2VSZWFkeXHJZTwAAAJ3SURBVDjLpZNtSNNRFIcNKunF1rZWBMJqKaSiX9RP1dClsjldA42slW0q5oxZiuHrlqllLayoaJa2jbm1Lc3QUZpKFmmaTMsaRp+kMgjBheSmTL2//kqMBJlFHx44XM7vOfdyuH4A/P6HFQ9zo7cpa/mM6RvCrVDzaVDy6C5JJKv6rwSnIhlFd0R0Up/GwF2KWyl01CTSkM/dQoQRzAurCjRCGnRUUE2FaoSL0HExiYVzsQwcj6RNrSqo4W5Gh6Yc4+1qDDTkIy+GhYK4nTgdz0H2PrrHUJzs71NQn86enPn+CVN9GnzruoYR63mMPbkC59gQzDl7pt7rc9f7FNyUhPY6Bx9gwt4E9zszhWWpdg6ZcS8j3O7zCTuEpnXB+3MNZkUUZu0NmHE8XsL91oSWwiiEc3MeseLrN6woYCWa/Zl8ozyQ3w3Hl2lYy0SwlCUvsVi/Gv2JwITnYPDun2Hy6jYuEzAF1jUBCVYpO6kXo+NuGMeBAgcgfwNkvgBOPgUqXgKvP7rBFvRhE1crp8Vq1noFYSlacVyqGk0D86gbART9BDk9BFnPCNJbCY5aCFL1Cyhtp0RWAp74MsKSrkq9guHyvfMTtmLc1togpZoyqYmyNoITzVTYRJCiXYBIQ3CwFqi83o3JDhX6C0M8XsGIMoQ4OyuRlq1DdZcLkmbgGDX1iIEKNxAcbgTEOqC4ZRaJ6Ub86K7CYFEo8Qo+GBQlQyXBczLZpbloaQ9k1NUz/kD2myBBKxRZpa5hVcQslalatoUxizxAVVrN3CW21bFj9F858Q9dnIRmDyeuybM71uxmH9BNBB1q6zybV7H9s1Ue4PM3/gu/AEbfqfWy2twsAAAAAElFTkSuQmCC","<h4>Store Hours</h4><ul><li><strong>Sunday: </strong><span>9:00 AM - 5:00 PM</span></li><li><strong>Monday: </strong><span>7:00 AM - 9:00 PM</span></li><li><strong>Tuesday: </strong><span>7:00 AM - 9:00 PM</span></li><li><strong>Wednesday: </strong><span>7:00 AM - 9:00 PM</span></li><li><strong>Thursday: </strong><span>7:00 AM - 9:00 PM</span></li><li><strong>Friday: </strong><span>7:00 AM - 9:00 PM</span></li><li><strong>Saturday: </strong><span>8:00 AM - 6:00 PM</span></li></ul><h4>Holiday Hours</h4><ul><li><strong>New Year's Day January 1</strong><span>: Closed</span></li><li><strong>Family Day February 17</strong><span>: 10:00 AM - 5:00 PM</span></li><li><strong>Good Friday April 18</strong><span>: Closed</span></li><li><strong>Easter Sunday April 20</strong><span>: Closed</span></li><li><strong>Victoria Day May 19</strong><span>: 10:00 AM - 5:00 PM</span></li><li><strong>Canada Day July 1</strong><span>: Closed</span></li><li><strong>August Civic Holiday August 4</strong><span>: 10:00 AM - 5:00 PM</span></li><li><strong>Labour Day September 1</strong><span>: 10:00 AM - 5:00 PM</span></li><li><strong>Thanksgiving Day October 13</strong><span>: Closed</span></li></ul>","ABC","30 Days with a Receipt."
"024","Palmdale","86 Drewry Plaza","7th Floor","US","Orlando","CA","93591","2","Midwest","30","Midwest Beach","6613976097","hsurmeyern@latimes.com","34.6019","-117.8123","Open","Palmdale","1","2025-02-26 09:36:35","N","Y","MALL","Herman Surmeyer","http://xinhuanet.com/sapien/cum/sociis/natoque/penatibus/et.jpg","https://nationalgeographic.com/tincidunt/lacus/at/velit/vivamus/vel.aspx","","https://list-manage.com/vivamus/in/felis/eu.html","http://dummyimage.com/159x100.png/ff4444/ffffff","","<h4>Store Hours</h4><ul><li><strong>Sunday: </strong><span>9:00 AM - 5:00 PM</span></li><li><strong>Monday: </strong><span>7:00 AM - 9:00 PM</span></li><li><strong>Tuesday: </strong><span>7:00 AM - 9:00 PM</span></li><li><strong>Wednesday: </strong><span>7:00 AM - 9:00 PM</span></li><li><strong>Thursday: </strong><span>7:00 AM - 9:00 PM</span></li><li><strong>Friday: </strong><span>7:00 AM - 9:00 PM</span></li><li><strong>Saturday: </strong><span>8:00 AM - 6:00 PM</span></li></ul><h4>Holiday Hours</h4><ul><li><strong>New Year's Day January 1</strong><span>: Closed</span></li><li><strong>Family Day February 17</strong><span>: 10:00 AM - 5:00 PM</span></li><li><strong>Good Friday April 18</strong><span>: Closed</span></li><li><strong>Easter Sunday April 20</strong><span>: Closed</span></li><li><strong>Victoria Day May 19</strong><span>: 10:00 AM - 5:00 PM</span></li><li><strong>Canada Day July 1</strong><span>: Closed</span></li><li><strong>August Civic Holiday August 4</strong><span>: 10:00 AM - 5:00 PM</span></li><li><strong>Labour Day September 1</strong><span>: 10:00 AM - 5:00 PM</span></li><li><strong>Thanksgiving Day October 13</strong><span>: Closed</span></li></ul>","ABC","30 Days with a Receipt."
"001","Chicago","2803 Arapahoe Drive","8th Floor","US","Riverside","IL","60609","3","Northeast","30","Northeast Beach","3128522208","rjuares0@g.co","41.8097","-87.6533","Open","Chicago","1","2024-08-28 16:21:17","Y","N","SINGLE","Raven Juares","http://1und1.de/ipsum/dolor/sit/amet/consectetuer/adipiscing.jpg","https://dagondesign.com/sapien/cursus/vestibulum/proin.aspx","","","http://dummyimage.com/246x100.png/ff4444/ffffff","data:image/png;base64,iVBORw0KGgoAAAANSUhEUgAAABAAAAAQCAYAAAAf8/9hAAAABGdBTUEAAK/INwWK6QAAABl0RVh0U29mdHdhcmUAQWRvYmUgSW1hZ2VSZWFkeXHJZTwAAAILSURBVDjLpZPNS5VBFIefmXduKVcrKKKSFBdJVJSCSfQPSC1tIxIEUQR9Qa6UQHQTuAiCFhbtWtSmoAKJJMpAqSBJ2gh9UaYXw4jU9N73zsdpMVfDIBDugWHODDMP/H7nHCUilBOaMqNsgOFe0380BLABnAUXwBbB+XjngaJACgaAXR3//A2rlw/gfcytL+UOXtwtAQAWchAC4ksPnEO8A+sQZ+PZWsQ5cJbM1t2Ql2WAgAg0d6My1cj4DcR79IFT4PL4x5fQR66hMhW45/3It7dgbQngXNQmATIbkFd9qEM9KJ8S3gyAD+iW82AXsQ8vkOxvx30dWwForI2AIKANVNVBcMjcFPpwF7rpJOHDE9SWBsyxW4TJ1xCiRFLBkC9EfSGgALXvBPJxEKpq8Pc70K1X0XvamOxpIfd5lsWZHCZrqG34TX0qGFIXaSFAsISx6+iDncj7QZK22+AtkzfPMZdW0thxkfX1e8m/G2Ji5CmmUERJ/w6h8TjCr+i6c4iNTouN7r98MEzz6T4qPw3D9Ahs3MQPU8fE0CiGvIC1KF+BWi6h97H2Es0tzheo2FYPRzv/dmDvdopBSoBnd1Y6Cy9QXL1njGJpfJDso7Ok+RmWgIX5BJNo1FqmcaS9pndddfbyzs3OGD3Fwqzjy/fE24L0qLWO82h7bdfiz9yZxKs6n8i0wEDrkLvyB9KrOCqdUGipAAAAAElFTkSuQmCC","<h4>Store Hours</h4><ul><li><strong>Sunday: </strong><span>9:00 AM - 5:00 PM</span></li><li><strong>Monday: </strong><span>7:00 AM - 9:00 PM</span></li><li><strong>Tuesday: </strong><span>7:00 AM - 9:00 PM</span></li><li><strong>Wednesday: </strong><span>7:00 AM - 9:00 PM</span></li><li><strong>Thursday: </strong><span>7:00 AM - 9:00 PM</span></li><li><strong>Friday: </strong><span>7:00 AM - 9:00 PM</span></li><li><strong>Saturday: </strong><span>8:00 AM - 6:00 PM</span></li></ul><h4>Holiday Hours</h4><ul><li><strong>New Year's Day January 1</strong><span>: Closed</span></li><li><strong>Family Day February 17</strong><span>: 10:00 AM - 5:00 PM</span></li><li><strong>Good Friday April 18</strong><span>: Closed</span></li><li><strong>Easter Sunday April 20</strong><span>: Closed</span></li><li><strong>Victoria Day May 19</strong><span>: 10:00 AM - 5:00 PM</span></li><li><strong>Canada Day July 1</strong><span>: Closed</span></li><li><strong>August Civic Holiday August 4</strong><span>: 10:00 AM - 5:00 PM</span></li><li><strong>Labour Day September 1</strong><span>: 10:00 AM - 5:00 PM</span></li><li><strong>Thanksgiving Day October 13</strong><span>: Closed</span></li></ul>","ABC","30 Days with a Receipt."
