"PRODUCT_CATEGORY_ID","PRODUCT_CATEGORY_TYPE_ID","CATEGORY_NAME","DESCRIPTION","LONG_DESCRIPTION","CATEGORY_IMAGE_URL","SMALL_CATEGORY_IMAGE_URL","LINK_ONE_IMAGE_URL","LINK_TWO_IMAGE_URL","PARENT_PRODUCT_CATEGORY_ID","FROM_DATE","THRU_DATE","SEQUENCE_NUM","EXTRA_DATA_1","EXTRA_DATA_2","EXTRA_DATA_3","EXTRA_DATA_4","EXTRA_DATA_5"
"10222201","CATALOG_CATEGORY","Live orange banana flower","Live banana flowers","Live plants of low species or variety count flowers","","","","","10220000","2025-07-23 13:04:22","","","Live Plant and Animal Material and Accessories and Supplies","","","",""
"10222202","CATALOG_CATEGORY","Live orange torch banana flower","Live banana flowers","Live plants of low species or variety count flowers","","","","","10220000","2025-07-23 13:04:22","","","Live Plant and Animal Material and Accessories and Supplies","","","",""
"10222203","CATALOG_CATEGORY","Live purple banana flower","Live banana flowers","Live plants of low species or variety count flowers","","","","","10220000","2025-07-23 13:04:22","","","Live Plant and Animal Material and Accessories and Supplies","","","",""
"10322201","CATALOG_CATEGORY","Fresh cut orange banana flower","Fresh cut banana flowers","Fresh cut blooms of low species or variety count flowers","","","","","10320000","2025-07-23 13:04:22","","","Live Plant and Animal Material and Accessories and Supplies","","","",""
"10322202","CATALOG_CATEGORY","Fresh cut orange torch banana flower","Fresh cut banana flowers","Fresh cut blooms of low species or variety count flowers","","","","","10320000","2025-07-23 13:04:22","","","Live Plant and Animal Material and Accessories and Supplies","","","",""
"10322203","CATALOG_CATEGORY","Fresh cut purple banana flower","Fresh cut banana flowers","Fresh cut blooms of low species or variety count flowers","","","","","10320000","2025-07-23 13:04:22","","","Live Plant and Animal Material and Accessories and Supplies","","","",""
"10422201","CATALOG_CATEGORY","Dried cut orange banana flower","Dried cut banana flowers","Dried cut blooms of low species or variety count flowers","","","","","10420000","2025-07-23 13:04:22","","","Live Plant and Animal Material and Accessories and Supplies","","","",""
"10422202","CATALOG_CATEGORY","Dried cut orange torch banana flower","Dried cut banana flowers","Dried cut blooms of low species or variety count flowers","","","","","10420000","2025-07-23 13:04:22","","","Live Plant and Animal Material and Accessories and Supplies","","","",""
"10422203","CATALOG_CATEGORY","Dried cut purple banana flower","Dried cut banana flowers","Dried cut blooms of low species or variety count flowers","","","","","10420000","2025-07-23 13:04:22","","","Live Plant and Animal Material and Accessories and Supplies","","","",""
"50301701","CATALOG_CATEGORY","Apple bananas","Bananas","Fresh fruits","https://imagedelivery.net/PjNwx8gF5856PThnwoCmRw/4e3c60e5-152f-4535-d4b9-711806562100/public","","","","50300000","2025-07-23 13:04:22","","","Food Beverage and Tobacco Products","","","",""
"50301702","CATALOG_CATEGORY","Baby bananas","Bananas","Fresh fruits","https://imagedelivery.net/PjNwx8gF5856PThnwoCmRw/4e3c60e5-152f-4535-d4b9-711806562100/public","","","","50300000","2025-07-23 13:04:22","","","Food Beverage and Tobacco Products","","","",""
"50301703","CATALOG_CATEGORY","Burro bananas","Bananas","Fresh fruits","https://imagedelivery.net/PjNwx8gF5856PThnwoCmRw/4e3c60e5-152f-4535-d4b9-711806562100/public","","","","50300000","2025-07-23 13:04:22","","","Food Beverage and Tobacco Products","","","",""
"50301704","CATALOG_CATEGORY","Cavendish bananas","Bananas","Fresh fruits","https://imagedelivery.net/PjNwx8gF5856PThnwoCmRw/4e3c60e5-152f-4535-d4b9-711806562100/public","","","","50300000","2025-07-23 13:04:22","","","Food Beverage and Tobacco Products","","","",""
"50301705","CATALOG_CATEGORY","Dominico bananas","Bananas","Fresh fruits","https://imagedelivery.net/PjNwx8gF5856PThnwoCmRw/4e3c60e5-152f-4535-d4b9-711806562100/public","","","","50300000","2025-07-23 13:04:22","","","Food Beverage and Tobacco Products","","","",""
"50301706","CATALOG_CATEGORY","Green bananas","Bananas","Fresh fruits","https://imagedelivery.net/PjNwx8gF5856PThnwoCmRw/4e3c60e5-152f-4535-d4b9-711806562100/public","","","","50300000","2025-07-23 13:04:22","","","Food Beverage and Tobacco Products","","","",""
"50301707","CATALOG_CATEGORY","Gros michel bananas","Bananas","Fresh fruits","https://imagedelivery.net/PjNwx8gF5856PThnwoCmRw/4e3c60e5-152f-4535-d4b9-711806562100/public","","","","50300000","2025-07-23 13:04:22","","","Food Beverage and Tobacco Products","","","",""
"50301708","CATALOG_CATEGORY","Lacatan bananas","Bananas","Fresh fruits","https://imagedelivery.net/PjNwx8gF5856PThnwoCmRw/4e3c60e5-152f-4535-d4b9-711806562100/public","","","","50300000","2025-07-23 13:04:22","","","Food Beverage and Tobacco Products","","","",""
"50301709","CATALOG_CATEGORY","Lady finger banana","Bananas","Fresh fruits","https://imagedelivery.net/PjNwx8gF5856PThnwoCmRw/4e3c60e5-152f-4535-d4b9-711806562100/public","","","","50300000","2025-07-23 13:04:22","","","Food Beverage and Tobacco Products","","","",""
"50301710","CATALOG_CATEGORY","Manzano bananas","Bananas","Fresh fruits","https://imagedelivery.net/PjNwx8gF5856PThnwoCmRw/4e3c60e5-152f-4535-d4b9-711806562100/public","","","","50300000","2025-07-23 13:04:22","","","Food Beverage and Tobacco Products","","","",""
"50301711","CATALOG_CATEGORY","Mysore bananas","Bananas","Fresh fruits","https://imagedelivery.net/PjNwx8gF5856PThnwoCmRw/4e3c60e5-152f-4535-d4b9-711806562100/public","","","","50300000","2025-07-23 13:04:22","","","Food Beverage and Tobacco Products","","","",""
"50301712","CATALOG_CATEGORY","Pisang mas bananas","Bananas","Fresh fruits","https://imagedelivery.net/PjNwx8gF5856PThnwoCmRw/4e3c60e5-152f-4535-d4b9-711806562100/public","","","","50300000","2025-07-23 13:04:22","","","Food Beverage and Tobacco Products","","","",""
"50301713","CATALOG_CATEGORY","Red bananas","Bananas","Fresh fruits","https://imagedelivery.net/PjNwx8gF5856PThnwoCmRw/4e3c60e5-152f-4535-d4b9-711806562100/public","","","","50300000","2025-07-23 13:04:22","","","Food Beverage and Tobacco Products","","","",""
"50301714","CATALOG_CATEGORY","Saba bananas","Bananas","Fresh fruits","https://imagedelivery.net/PjNwx8gF5856PThnwoCmRw/4e3c60e5-152f-4535-d4b9-711806562100/public","","","","50300000","2025-07-23 13:04:22","","","Food Beverage and Tobacco Products","","","",""
"50301715","CATALOG_CATEGORY","Sucrier bananas","Bananas","Fresh fruits","https://imagedelivery.net/PjNwx8gF5856PThnwoCmRw/4e3c60e5-152f-4535-d4b9-711806562100/public","","","","50300000","2025-07-23 13:04:22","","","Food Beverage and Tobacco Products","","","",""
"50301716","CATALOG_CATEGORY","Palillo bananas","Bananas","Fresh fruits","https://imagedelivery.net/PjNwx8gF5856PThnwoCmRw/4e3c60e5-152f-4535-d4b9-711806562100/public","","","","50300000","2025-07-23 13:04:22","","","Food Beverage and Tobacco Products","","","",""
"50301717","CATALOG_CATEGORY","Purple bananas","Bananas","Fresh fruits","https://imagedelivery.net/PjNwx8gF5856PThnwoCmRw/4e3c60e5-152f-4535-d4b9-711806562100/public","","","","50300000","2025-07-23 13:04:22","","","Food Beverage and Tobacco Products","","","",""
"50301718","CATALOG_CATEGORY","Isla bananas","Bananas","Fresh fruits","https://imagedelivery.net/PjNwx8gF5856PThnwoCmRw/4e3c60e5-152f-4535-d4b9-711806562100/public","","","","50300000","2025-07-23 13:04:22","","","Food Beverage and Tobacco Products","","","",""
"50301719","CATALOG_CATEGORY","Bizcocho banana","Bananas","Fresh fruits","https://imagedelivery.net/PjNwx8gF5856PThnwoCmRw/4e3c60e5-152f-4535-d4b9-711806562100/public","","","","50300000","2025-07-23 13:04:22","","","Food Beverage and Tobacco Products","","","",""
"50305201","CATALOG_CATEGORY","Banana passion fruit","Passion fruit","Fresh fruits","https://imagedelivery.net/PjNwx8gF5856PThnwoCmRw/4e3c60e5-152f-4535-d4b9-711806562100/public","","","","50300000","2025-07-23 13:04:22","","","Food Beverage and Tobacco Products","","","",""
"50307003","CATALOG_CATEGORY","Banana flowers","Nominant fruits","Fresh fruits","https://imagedelivery.net/PjNwx8gF5856PThnwoCmRw/4e3c60e5-152f-4535-d4b9-711806562100/public","","","","50300000","2025-07-23 13:04:22","","","Food Beverage and Tobacco Products","","","",""
"50311701","CATALOG_CATEGORY","Organic apple bananas","Organic bananas","Organic fresh fruits","","","","","50310000","2025-07-23 13:04:22","","","Food Beverage and Tobacco Products","","","",""
"50311702","CATALOG_CATEGORY","Organic baby bananas","Organic bananas","Organic fresh fruits","","","","","50310000","2025-07-23 13:04:22","","","Food Beverage and Tobacco Products","","","",""
"50311703","CATALOG_CATEGORY","Organic burro bananas","Organic bananas","Organic fresh fruits","","","","","50310000","2025-07-23 13:04:22","","","Food Beverage and Tobacco Products","","","",""
"50311704","CATALOG_CATEGORY","Organic cavendish bananas","Organic bananas","Organic fresh fruits","","","","","50310000","2025-07-23 13:04:22","","","Food Beverage and Tobacco Products","","","",""
"50311705","CATALOG_CATEGORY","Organic dominico bananas","Organic bananas","Organic fresh fruits","","","","","50310000","2025-07-23 13:04:22","","","Food Beverage and Tobacco Products","","","",""
"50311706","CATALOG_CATEGORY","Organic green bananas","Organic bananas","Organic fresh fruits","","","","","50310000","2025-07-23 13:04:22","","","Food Beverage and Tobacco Products","","","",""
"50311707","CATALOG_CATEGORY","Organic gros michel bananas","Organic bananas","Organic fresh fruits","","","","","50310000","2025-07-23 13:04:22","","","Food Beverage and Tobacco Products","","","",""
"50311708","CATALOG_CATEGORY","Organic lacatan bananas","Organic bananas","Organic fresh fruits","","","","","50310000","2025-07-23 13:04:22","","","Food Beverage and Tobacco Products","","","",""
"50311709","CATALOG_CATEGORY","Organic lady finger banana","Organic bananas","Organic fresh fruits","","","","","50310000","2025-07-23 13:04:22","","","Food Beverage and Tobacco Products","","","",""
"50311710","CATALOG_CATEGORY","Organic manzano bananas","Organic bananas","Organic fresh fruits","","","","","50310000","2025-07-23 13:04:22","","","Food Beverage and Tobacco Products","","","",""
"50311711","CATALOG_CATEGORY","Organic mysore bananas","Organic bananas","Organic fresh fruits","","","","","50310000","2025-07-23 13:04:22","","","Food Beverage and Tobacco Products","","","",""
"50311712","CATALOG_CATEGORY","Organic pisang mas bananas","Organic bananas","Organic fresh fruits","","","","","50310000","2025-07-23 13:04:22","","","Food Beverage and Tobacco Products","","","",""
"50311713","CATALOG_CATEGORY","Organic red bananas","Organic bananas","Organic fresh fruits","","","","","50310000","2025-07-23 13:04:22","","","Food Beverage and Tobacco Products","","","",""
"50311714","CATALOG_CATEGORY","Organic saba bananas","Organic bananas","Organic fresh fruits","","","","","50310000","2025-07-23 13:04:22","","","Food Beverage and Tobacco Products","","","",""
"50311715","CATALOG_CATEGORY","Organic sucrier bananas","Organic bananas","Organic fresh fruits","","","","","50310000","2025-07-23 13:04:22","","","Food Beverage and Tobacco Products","","","",""
"50315201","CATALOG_CATEGORY","Organic banana passion fruit","Organic passion fruit","Organic fresh fruits","","","","","50310000","2025-07-23 13:04:22","","","Food Beverage and Tobacco Products","","","",""
"50317003","CATALOG_CATEGORY","Organic banana flowers","Nominant organic fruits","Organic fresh fruits","","","","","50310000","2025-07-23 13:04:22","","","Food Beverage and Tobacco Products","","","",""
"50321701","CATALOG_CATEGORY","Dried apple bananas","Dried bananas","Dried fruit","https://imagedelivery.net/PjNwx8gF5856PThnwoCmRw/e45032d3-2b87-47dd-3e17-51e181fd5d00/public","","","","50320000","2025-07-23 13:04:22","","","Food Beverage and Tobacco Products","","","",""
"50321702","CATALOG_CATEGORY","Dried baby bananas","Dried bananas","Dried fruit","https://imagedelivery.net/PjNwx8gF5856PThnwoCmRw/e45032d3-2b87-47dd-3e17-51e181fd5d00/public","","","","50320000","2025-07-23 13:04:22","","","Food Beverage and Tobacco Products","","","",""
"50321703","CATALOG_CATEGORY","Dried burro bananas","Dried bananas","Dried fruit","https://imagedelivery.net/PjNwx8gF5856PThnwoCmRw/e45032d3-2b87-47dd-3e17-51e181fd5d00/public","","","","50320000","2025-07-23 13:04:22","","","Food Beverage and Tobacco Products","","","",""
"50321704","CATALOG_CATEGORY","Dried cavendish bananas","Dried bananas","Dried fruit","https://imagedelivery.net/PjNwx8gF5856PThnwoCmRw/e45032d3-2b87-47dd-3e17-51e181fd5d00/public","","","","50320000","2025-07-23 13:04:22","","","Food Beverage and Tobacco Products","","","",""
"50321705","CATALOG_CATEGORY","Dried dominico bananas","Dried bananas","Dried fruit","https://imagedelivery.net/PjNwx8gF5856PThnwoCmRw/e45032d3-2b87-47dd-3e17-51e181fd5d00/public","","","","50320000","2025-07-23 13:04:22","","","Food Beverage and Tobacco Products","","","",""
"50321706","CATALOG_CATEGORY","Dried green bananas","Dried bananas","Dried fruit","https://imagedelivery.net/PjNwx8gF5856PThnwoCmRw/e45032d3-2b87-47dd-3e17-51e181fd5d00/public","","","","50320000","2025-07-23 13:04:22","","","Food Beverage and Tobacco Products","","","",""
"50321707","CATALOG_CATEGORY","Dried gros michel bananas","Dried bananas","Dried fruit","https://imagedelivery.net/PjNwx8gF5856PThnwoCmRw/e45032d3-2b87-47dd-3e17-51e181fd5d00/public","","","","50320000","2025-07-23 13:04:22","","","Food Beverage and Tobacco Products","","","",""
"50321708","CATALOG_CATEGORY","Dried lacatan bananas","Dried bananas","Dried fruit","https://imagedelivery.net/PjNwx8gF5856PThnwoCmRw/e45032d3-2b87-47dd-3e17-51e181fd5d00/public","","","","50320000","2025-07-23 13:04:22","","","Food Beverage and Tobacco Products","","","",""
"50321709","CATALOG_CATEGORY","Dried lady finger banana","Dried bananas","Dried fruit","https://imagedelivery.net/PjNwx8gF5856PThnwoCmRw/e45032d3-2b87-47dd-3e17-51e181fd5d00/public","","","","50320000","2025-07-23 13:04:22","","","Food Beverage and Tobacco Products","","","",""
"50321710","CATALOG_CATEGORY","Dried manzano bananas","Dried bananas","Dried fruit","https://imagedelivery.net/PjNwx8gF5856PThnwoCmRw/e45032d3-2b87-47dd-3e17-51e181fd5d00/public","","","","50320000","2025-07-23 13:04:22","","","Food Beverage and Tobacco Products","","","",""
"50321711","CATALOG_CATEGORY","Dried mysore bananas","Dried bananas","Dried fruit","https://imagedelivery.net/PjNwx8gF5856PThnwoCmRw/e45032d3-2b87-47dd-3e17-51e181fd5d00/public","","","","50320000","2025-07-23 13:04:22","","","Food Beverage and Tobacco Products","","","",""
"50321712","CATALOG_CATEGORY","Dried pisang mas bananas","Dried bananas","Dried fruit","https://imagedelivery.net/PjNwx8gF5856PThnwoCmRw/e45032d3-2b87-47dd-3e17-51e181fd5d00/public","","","","50320000","2025-07-23 13:04:22","","","Food Beverage and Tobacco Products","","","",""
"50321713","CATALOG_CATEGORY","Dried red bananas","Dried bananas","Dried fruit","https://imagedelivery.net/PjNwx8gF5856PThnwoCmRw/e45032d3-2b87-47dd-3e17-51e181fd5d00/public","","","","50320000","2025-07-23 13:04:22","","","Food Beverage and Tobacco Products","","","",""
"50321714","CATALOG_CATEGORY","Dried saba bananas","Dried bananas","Dried fruit","https://imagedelivery.net/PjNwx8gF5856PThnwoCmRw/e45032d3-2b87-47dd-3e17-51e181fd5d00/public","","","","50320000","2025-07-23 13:04:22","","","Food Beverage and Tobacco Products","","","",""
"50321715","CATALOG_CATEGORY","Dried sucrier bananas","Dried bananas","Dried fruit","https://imagedelivery.net/PjNwx8gF5856PThnwoCmRw/e45032d3-2b87-47dd-3e17-51e181fd5d00/public","","","","50320000","2025-07-23 13:04:22","","","Food Beverage and Tobacco Products","","","",""
"50325201","CATALOG_CATEGORY","Dried banana passion fruit","Dried passion fruit","Dried fruit","https://imagedelivery.net/PjNwx8gF5856PThnwoCmRw/e45032d3-2b87-47dd-3e17-51e181fd5d00/public","","","","50320000","2025-07-23 13:04:22","","","Food Beverage and Tobacco Products","","","",""
"50327003","CATALOG_CATEGORY","Dried banana flowers","Dried nominant fruits","Dried fruit","https://imagedelivery.net/PjNwx8gF5856PThnwoCmRw/e45032d3-2b87-47dd-3e17-51e181fd5d00/public","","","","50320000","2025-07-23 13:04:22","","","Food Beverage and Tobacco Products","","","",""
"50331701","CATALOG_CATEGORY","Dried organic apple bananas","Dried organic bananas","Dried organic fruit","","","","","50330000","2025-07-23 13:04:22","","","Food Beverage and Tobacco Products","","","",""
"50331702","CATALOG_CATEGORY","Dried organic baby bananas","Dried organic bananas","Dried organic fruit","","","","","50330000","2025-07-23 13:04:22","","","Food Beverage and Tobacco Products","","","",""
"50331703","CATALOG_CATEGORY","Dried organic burro bananas","Dried organic bananas","Dried organic fruit","","","","","50330000","2025-07-23 13:04:22","","","Food Beverage and Tobacco Products","","","",""
"50331704","CATALOG_CATEGORY","Dried organic cavendish bananas","Dried organic bananas","Dried organic fruit","","","","","50330000","2025-07-23 13:04:22","","","Food Beverage and Tobacco Products","","","",""
"50331705","CATALOG_CATEGORY","Dried organic dominico bananas","Dried organic bananas","Dried organic fruit","","","","","50330000","2025-07-23 13:04:22","","","Food Beverage and Tobacco Products","","","",""
"50331706","CATALOG_CATEGORY","Dried organic green bananas","Dried organic bananas","Dried organic fruit","","","","","50330000","2025-07-23 13:04:22","","","Food Beverage and Tobacco Products","","","",""
"50331707","CATALOG_CATEGORY","Dried organic gros michel bananas","Dried organic bananas","Dried organic fruit","","","","","50330000","2025-07-23 13:04:22","","","Food Beverage and Tobacco Products","","","",""
"50331708","CATALOG_CATEGORY","Dried organic lacatan bananas","Dried organic bananas","Dried organic fruit","","","","","50330000","2025-07-23 13:04:22","","","Food Beverage and Tobacco Products","","","",""
"50331709","CATALOG_CATEGORY","Dried organic lady finger banana","Dried organic bananas","Dried organic fruit","","","","","50330000","2025-07-23 13:04:22","","","Food Beverage and Tobacco Products","","","",""
"50331710","CATALOG_CATEGORY","Dried organic manzano bananas","Dried organic bananas","Dried organic fruit","","","","","50330000","2025-07-23 13:04:22","","","Food Beverage and Tobacco Products","","","",""
"50331711","CATALOG_CATEGORY","Dried organic mysore bananas","Dried organic bananas","Dried organic fruit","","","","","50330000","2025-07-23 13:04:22","","","Food Beverage and Tobacco Products","","","",""
"50331712","CATALOG_CATEGORY","Dried organic pisang mas bananas","Dried organic bananas","Dried organic fruit","","","","","50330000","2025-07-23 13:04:22","","","Food Beverage and Tobacco Products","","","",""
"50331713","CATALOG_CATEGORY","Dried organic red bananas","Dried organic bananas","Dried organic fruit","","","","","50330000","2025-07-23 13:04:22","","","Food Beverage and Tobacco Products","","","",""
"50331714","CATALOG_CATEGORY","Dried organic saba bananas","Dried organic bananas","Dried organic fruit","","","","","50330000","2025-07-23 13:04:22","","","Food Beverage and Tobacco Products","","","",""
"50331715","CATALOG_CATEGORY","Dried organic sucrier bananas","Dried organic bananas","Dried organic fruit","","","","","50330000","2025-07-23 13:04:22","","","Food Beverage and Tobacco Products","","","",""
"50335201","CATALOG_CATEGORY","Dried organic banana passion fruit","Dried organic passion fruit","Dried organic fruit","","","","","50330000","2025-07-23 13:04:22","","","Food Beverage and Tobacco Products","","","",""
"50337003","CATALOG_CATEGORY","Dried organic banana flowers","Dried organic nominant fruits","Dried organic fruit","","","","","50330000","2025-07-23 13:04:22","","","Food Beverage and Tobacco Products","","","",""
"50341701","CATALOG_CATEGORY","Frozen apple bananas","Frozen bananas","Frozen fruit","","","","","50340000","2025-07-23 13:04:22","","","Food Beverage and Tobacco Products","","","",""
"50341702","CATALOG_CATEGORY","Frozen baby bananas","Frozen bananas","Frozen fruit","","","","","50340000","2025-07-23 13:04:22","","","Food Beverage and Tobacco Products","","","",""
"50341703","CATALOG_CATEGORY","Frozen burro bananas","Frozen bananas","Frozen fruit","","","","","50340000","2025-07-23 13:04:22","","","Food Beverage and Tobacco Products","","","",""
"50341704","CATALOG_CATEGORY","Frozen cavendish bananas","Frozen bananas","Frozen fruit","","","","","50340000","2025-07-23 13:04:22","","","Food Beverage and Tobacco Products","","","",""
"50341705","CATALOG_CATEGORY","Frozen dominico bananas","Frozen bananas","Frozen fruit","","","","","50340000","2025-07-23 13:04:22","","","Food Beverage and Tobacco Products","","","",""
"50341706","CATALOG_CATEGORY","Frozen green bananas","Frozen bananas","Frozen fruit","","","","","50340000","2025-07-23 13:04:22","","","Food Beverage and Tobacco Products","","","",""
"50341707","CATALOG_CATEGORY","Frozen gros michel bananas","Frozen bananas","Frozen fruit","","","","","50340000","2025-07-23 13:04:22","","","Food Beverage and Tobacco Products","","","",""
"50341708","CATALOG_CATEGORY","Frozen lacatan bananas","Frozen bananas","Frozen fruit","","","","","50340000","2025-07-23 13:04:22","","","Food Beverage and Tobacco Products","","","",""
"50341709","CATALOG_CATEGORY","Frozen lady finger banana","Frozen bananas","Frozen fruit","","","","","50340000","2025-07-23 13:04:22","","","Food Beverage and Tobacco Products","","","",""
"50341710","CATALOG_CATEGORY","Frozen manzano bananas","Frozen bananas","Frozen fruit","","","","","50340000","2025-07-23 13:04:22","","","Food Beverage and Tobacco Products","","","",""
"50341711","CATALOG_CATEGORY","Frozen mysore bananas","Frozen bananas","Frozen fruit","","","","","50340000","2025-07-23 13:04:22","","","Food Beverage and Tobacco Products","","","",""
"50341712","CATALOG_CATEGORY","Frozen pisang mas bananas","Frozen bananas","Frozen fruit","","","","","50340000","2025-07-23 13:04:22","","","Food Beverage and Tobacco Products","","","",""
"50341713","CATALOG_CATEGORY","Frozen red bananas","Frozen bananas","Frozen fruit","","","","","50340000","2025-07-23 13:04:22","","","Food Beverage and Tobacco Products","","","",""
"50341714","CATALOG_CATEGORY","Frozen saba bananas","Frozen bananas","Frozen fruit","","","","","50340000","2025-07-23 13:04:22","","","Food Beverage and Tobacco Products","","","",""
"50341715","CATALOG_CATEGORY","Frozen sucrier bananas","Frozen bananas","Frozen fruit","","","","","50340000","2025-07-23 13:04:22","","","Food Beverage and Tobacco Products","","","",""
"50345201","CATALOG_CATEGORY","Frozen banana passion fruit","Frozen passion fruit","Frozen fruit","","","","","50340000","2025-07-23 13:04:22","","","Food Beverage and Tobacco Products","","","",""
"50347003","CATALOG_CATEGORY","Frozen banana flowers","Frozen nominant fruits","Frozen fruit","","","","","50340000","2025-07-23 13:04:22","","","Food Beverage and Tobacco Products","","","",""
"50351701","CATALOG_CATEGORY","Frozen organic apple bananas","Frozen organic bananas","Frozen organic fruit","","","","","50350000","2025-07-23 13:04:22","","","Food Beverage and Tobacco Products","","","",""
"50351702","CATALOG_CATEGORY","Frozen organic baby bananas","Frozen organic bananas","Frozen organic fruit","","","","","50350000","2025-07-23 13:04:22","","","Food Beverage and Tobacco Products","","","",""
"50351703","CATALOG_CATEGORY","Frozen organic burro bananas","Frozen organic bananas","Frozen organic fruit","","","","","50350000","2025-07-23 13:04:22","","","Food Beverage and Tobacco Products","","","",""
"50351704","CATALOG_CATEGORY","Frozen organic cavendish bananas","Frozen organic bananas","Frozen organic fruit","","","","","50350000","2025-07-23 13:04:22","","","Food Beverage and Tobacco Products","","","",""
"50351705","CATALOG_CATEGORY","Frozen organic dominico bananas","Frozen organic bananas","Frozen organic fruit","","","","","50350000","2025-07-23 13:04:22","","","Food Beverage and Tobacco Products","","","",""
"50351706","CATALOG_CATEGORY","Frozen organic green bananas","Frozen organic bananas","Frozen organic fruit","","","","","50350000","2025-07-23 13:04:22","","","Food Beverage and Tobacco Products","","","",""
"50351707","CATALOG_CATEGORY","Frozen organic gros michel bananas","Frozen organic bananas","Frozen organic fruit","","","","","50350000","2025-07-23 13:04:22","","","Food Beverage and Tobacco Products","","","",""
"50351708","CATALOG_CATEGORY","Frozen organic lacatan bananas","Frozen organic bananas","Frozen organic fruit","","","","","50350000","2025-07-23 13:04:22","","","Food Beverage and Tobacco Products","","","",""
"50351709","CATALOG_CATEGORY","Frozen organic lady finger banana","Frozen organic bananas","Frozen organic fruit","","","","","50350000","2025-07-23 13:04:22","","","Food Beverage and Tobacco Products","","","",""
"50351710","CATALOG_CATEGORY","Frozen organic manzano bananas","Frozen organic bananas","Frozen organic fruit","","","","","50350000","2025-07-23 13:04:22","","","Food Beverage and Tobacco Products","","","",""
"50351711","CATALOG_CATEGORY","Frozen organic mysore bananas","Frozen organic bananas","Frozen organic fruit","","","","","50350000","2025-07-23 13:04:22","","","Food Beverage and Tobacco Products","","","",""
"50351712","CATALOG_CATEGORY","Frozen organic pisang mas bananas","Frozen organic bananas","Frozen organic fruit","","","","","50350000","2025-07-23 13:04:22","","","Food Beverage and Tobacco Products","","","",""
"50351713","CATALOG_CATEGORY","Frozen organic red bananas","Frozen organic bananas","Frozen organic fruit","","","","","50350000","2025-07-23 13:04:22","","","Food Beverage and Tobacco Products","","","",""
"50351714","CATALOG_CATEGORY","Frozen organic saba bananas","Frozen organic bananas","Frozen organic fruit","","","","","50350000","2025-07-23 13:04:22","","","Food Beverage and Tobacco Products","","","",""
"50351715","CATALOG_CATEGORY","Frozen organic sucrier bananas","Frozen organic bananas","Frozen organic fruit","","","","","50350000","2025-07-23 13:04:22","","","Food Beverage and Tobacco Products","","","",""
"50355201","CATALOG_CATEGORY","Frozen organic banana passion fruit","Frozen organic passion fruit","Frozen organic fruit","","","","","50350000","2025-07-23 13:04:22","","","Food Beverage and Tobacco Products","","","",""
"50357003","CATALOG_CATEGORY","Frozen organic banana flowers","Frozen organic nominant fruits","Frozen organic fruit","","","","","50350000","2025-07-23 13:04:22","","","Food Beverage and Tobacco Products","","","",""
"50361701","CATALOG_CATEGORY","Canned or jarred apple bananas","Canned or jarred bananas","Canned or jarred fruit","","","","","50360000","2025-07-23 13:04:22","","","Food Beverage and Tobacco Products","","","",""
"50361702","CATALOG_CATEGORY","Canned or jarred baby bananas","Canned or jarred bananas","Canned or jarred fruit","","","","","50360000","2025-07-23 13:04:22","","","Food Beverage and Tobacco Products","","","",""
"50361703","CATALOG_CATEGORY","Canned or jarred burro bananas","Canned or jarred bananas","Canned or jarred fruit","","","","","50360000","2025-07-23 13:04:22","","","Food Beverage and Tobacco Products","","","",""
"50361704","CATALOG_CATEGORY","Canned or jarred cavendish bananas","Canned or jarred bananas","Canned or jarred fruit","","","","","50360000","2025-07-23 13:04:22","","","Food Beverage and Tobacco Products","","","",""
"50361705","CATALOG_CATEGORY","Canned or jarred dominico bananas","Canned or jarred bananas","Canned or jarred fruit","","","","","50360000","2025-07-23 13:04:22","","","Food Beverage and Tobacco Products","","","",""
"50361706","CATALOG_CATEGORY","Canned or jarred green bananas","Canned or jarred bananas","Canned or jarred fruit","","","","","50360000","2025-07-23 13:04:22","","","Food Beverage and Tobacco Products","","","",""
"50361707","CATALOG_CATEGORY","Canned or jarred gros michel bananas","Canned or jarred bananas","Canned or jarred fruit","","","","","50360000","2025-07-23 13:04:22","","","Food Beverage and Tobacco Products","","","",""
"50361708","CATALOG_CATEGORY","Canned or jarred lacatan bananas","Canned or jarred bananas","Canned or jarred fruit","","","","","50360000","2025-07-23 13:04:22","","","Food Beverage and Tobacco Products","","","",""
"50361709","CATALOG_CATEGORY","Canned or jarred lady finger banana","Canned or jarred bananas","Canned or jarred fruit","","","","","50360000","2025-07-23 13:04:22","","","Food Beverage and Tobacco Products","","","",""
"50361710","CATALOG_CATEGORY","Canned or jarred manzano bananas","Canned or jarred bananas","Canned or jarred fruit","","","","","50360000","2025-07-23 13:04:22","","","Food Beverage and Tobacco Products","","","",""
"50361711","CATALOG_CATEGORY","Canned or jarred mysore bananas","Canned or jarred bananas","Canned or jarred fruit","","","","","50360000","2025-07-23 13:04:22","","","Food Beverage and Tobacco Products","","","",""
"50361712","CATALOG_CATEGORY","Canned or jarred pisang mas bananas","Canned or jarred bananas","Canned or jarred fruit","","","","","50360000","2025-07-23 13:04:22","","","Food Beverage and Tobacco Products","","","",""
"50361713","CATALOG_CATEGORY","Canned or jarred red bananas","Canned or jarred bananas","Canned or jarred fruit","","","","","50360000","2025-07-23 13:04:22","","","Food Beverage and Tobacco Products","","","",""
"50361714","CATALOG_CATEGORY","Canned or jarred saba bananas","Canned or jarred bananas","Canned or jarred fruit","","","","","50360000","2025-07-23 13:04:22","","","Food Beverage and Tobacco Products","","","",""
"50361715","CATALOG_CATEGORY","Canned or jarred sucrier bananas","Canned or jarred bananas","Canned or jarred fruit","","","","","50360000","2025-07-23 13:04:22","","","Food Beverage and Tobacco Products","","","",""
"50365201","CATALOG_CATEGORY","Canned or jarred banana passion fruit","Canned or jarred passion fruit","Canned or jarred fruit","","","","","50360000","2025-07-23 13:04:22","","","Food Beverage and Tobacco Products","","","",""
"50367003","CATALOG_CATEGORY","Canned or jarred banana flowers","Canned or jarred nominant fruits","Canned or jarred fruit","","","","","50360000","2025-07-23 13:04:22","","","Food Beverage and Tobacco Products","","","",""
"50371701","CATALOG_CATEGORY","Canned or jarred organic apple bananas","Canned or jarred organic bananas","Canned or jarred organic fruit","","","","","50370000","2025-07-23 13:04:22","","","Food Beverage and Tobacco Products","","","",""
"50371702","CATALOG_CATEGORY","Canned or jarred organic baby bananas","Canned or jarred organic bananas","Canned or jarred organic fruit","","","","","50370000","2025-07-23 13:04:22","","","Food Beverage and Tobacco Products","","","",""
"50371703","CATALOG_CATEGORY","Canned or jarred organic burro bananas","Canned or jarred organic bananas","Canned or jarred organic fruit","","","","","50370000","2025-07-23 13:04:22","","","Food Beverage and Tobacco Products","","","",""
"50371704","CATALOG_CATEGORY","Canned or jarred organic cavendish bananas","Canned or jarred organic bananas","Canned or jarred organic fruit","","","","","50370000","2025-07-23 13:04:22","","","Food Beverage and Tobacco Products","","","",""
"50371705","CATALOG_CATEGORY","Canned or jarred organic dominico bananas","Canned or jarred organic bananas","Canned or jarred organic fruit","","","","","50370000","2025-07-23 13:04:22","","","Food Beverage and Tobacco Products","","","",""
"50371706","CATALOG_CATEGORY","Canned or jarred organic green bananas","Canned or jarred organic bananas","Canned or jarred organic fruit","","","","","50370000","2025-07-23 13:04:22","","","Food Beverage and Tobacco Products","","","",""
"50371707","CATALOG_CATEGORY","Canned or jarred organic gros michel bananas","Canned or jarred organic bananas","Canned or jarred organic fruit","","","","","50370000","2025-07-23 13:04:22","","","Food Beverage and Tobacco Products","","","",""
"50371708","CATALOG_CATEGORY","Canned or jarred organic lacatan bananas","Canned or jarred organic bananas","Canned or jarred organic fruit","","","","","50370000","2025-07-23 13:04:22","","","Food Beverage and Tobacco Products","","","",""
"50371709","CATALOG_CATEGORY","Canned or jarred organic lady finger banana","Canned or jarred organic bananas","Canned or jarred organic fruit","","","","","50370000","2025-07-23 13:04:22","","","Food Beverage and Tobacco Products","","","",""
"50371710","CATALOG_CATEGORY","Canned or jarred organic manzano bananas","Canned or jarred organic bananas","Canned or jarred organic fruit","","","","","50370000","2025-07-23 13:04:22","","","Food Beverage and Tobacco Products","","","",""
"50371711","CATALOG_CATEGORY","Canned or jarred organic mysore bananas","Canned or jarred organic bananas","Canned or jarred organic fruit","","","","","50370000","2025-07-23 13:04:22","","","Food Beverage and Tobacco Products","","","",""
"50371712","CATALOG_CATEGORY","Canned or jarred organic pisang mas bananas","Canned or jarred organic bananas","Canned or jarred organic fruit","","","","","50370000","2025-07-23 13:04:22","","","Food Beverage and Tobacco Products","","","",""
"50371713","CATALOG_CATEGORY","Canned or jarred organic red bananas","Canned or jarred organic bananas","Canned or jarred organic fruit","","","","","50370000","2025-07-23 13:04:22","","","Food Beverage and Tobacco Products","","","",""
"50371714","CATALOG_CATEGORY","Canned or jarred organic saba bananas","Canned or jarred organic bananas","Canned or jarred organic fruit","","","","","50370000","2025-07-23 13:04:22","","","Food Beverage and Tobacco Products","","","",""
"50371715","CATALOG_CATEGORY","Canned or jarred organic sucrier bananas","Canned or jarred organic bananas","Canned or jarred organic fruit","","","","","50370000","2025-07-23 13:04:22","","","Food Beverage and Tobacco Products","","","",""
"50375201","CATALOG_CATEGORY","Canned or jarred organic banana passion fruit","Canned or jarred organic passion fruit","Canned or jarred organic fruit","","","","","50370000","2025-07-23 13:04:22","","","Food Beverage and Tobacco Products","","","",""
"50377003","CATALOG_CATEGORY","Canned or jarred organic banana flowers","Canned or jarred organic nominant fruits","Canned or jarred organic fruit","","","","","50370000","2025-07-23 13:04:22","","","Food Beverage and Tobacco Products","","","",""
"50382101","CATALOG_CATEGORY","Apple banana purees","Banana purees","Fresh fruit purees","","","","","50380000","2025-07-23 13:04:22","","","Food Beverage and Tobacco Products","","","",""
"50382102","CATALOG_CATEGORY","Baby banana purees","Banana purees","Fresh fruit purees","","","","","50380000","2025-07-23 13:04:22","","","Food Beverage and Tobacco Products","","","",""
"50382103","CATALOG_CATEGORY","Burro banana purees","Banana purees","Fresh fruit purees","","","","","50380000","2025-07-23 13:04:22","","","Food Beverage and Tobacco Products","","","",""
"50382104","CATALOG_CATEGORY","Cavendish banana purees","Banana purees","Fresh fruit purees","","","","","50380000","2025-07-23 13:04:22","","","Food Beverage and Tobacco Products","","","",""
"50382105","CATALOG_CATEGORY","Dominico banana purees","Banana purees","Fresh fruit purees","","","","","50380000","2025-07-23 13:04:22","","","Food Beverage and Tobacco Products","","","",""
"50382106","CATALOG_CATEGORY","Green banana purees","Banana purees","Fresh fruit purees","","","","","50380000","2025-07-23 13:04:22","","","Food Beverage and Tobacco Products","","","",""
"50382107","CATALOG_CATEGORY","Gros michel banana purees","Banana purees","Fresh fruit purees","","","","","50380000","2025-07-23 13:04:22","","","Food Beverage and Tobacco Products","","","",""
"50382108","CATALOG_CATEGORY","Lacatan banana purees","Banana purees","Fresh fruit purees","","","","","50380000","2025-07-23 13:04:22","","","Food Beverage and Tobacco Products","","","",""
"50382109","CATALOG_CATEGORY","Lady finger banana purees","Banana purees","Fresh fruit purees","","","","","50380000","2025-07-23 13:04:22","","","Food Beverage and Tobacco Products","","","",""
"50382110","CATALOG_CATEGORY","Manzano banana purees","Banana purees","Fresh fruit purees","","","","","50380000","2025-07-23 13:04:22","","","Food Beverage and Tobacco Products","","","",""
"50382111","CATALOG_CATEGORY","Mysore banana purees","Banana purees","Fresh fruit purees","","","","","50380000","2025-07-23 13:04:22","","","Food Beverage and Tobacco Products","","","",""
"50382112","CATALOG_CATEGORY","Pisang mas banana purees","Banana purees","Fresh fruit purees","","","","","50380000","2025-07-23 13:04:22","","","Food Beverage and Tobacco Products","","","",""
"50382113","CATALOG_CATEGORY","Red banana purees","Banana purees","Fresh fruit purees","","","","","50380000","2025-07-23 13:04:22","","","Food Beverage and Tobacco Products","","","",""
"50382114","CATALOG_CATEGORY","Saba banana purees","Banana purees","Fresh fruit purees","","","","","50380000","2025-07-23 13:04:22","","","Food Beverage and Tobacco Products","","","",""
"50382115","CATALOG_CATEGORY","Sucrier banana purees","Banana purees","Fresh fruit purees","","","","","50380000","2025-07-23 13:04:22","","","Food Beverage and Tobacco Products","","","",""
"50382116","CATALOG_CATEGORY","Palillo banana purees","Banana purees","Fresh fruit purees","","","","","50380000","2025-07-23 13:04:22","","","Food Beverage and Tobacco Products","","","",""
"50382117","CATALOG_CATEGORY","Purple banana purees","Banana purees","Fresh fruit purees","","","","","50380000","2025-07-23 13:04:22","","","Food Beverage and Tobacco Products","","","",""
"50382118","CATALOG_CATEGORY","Isla banana purees","Banana purees","Fresh fruit purees","","","","","50380000","2025-07-23 13:04:22","","","Food Beverage and Tobacco Products","","","",""
"50382119","CATALOG_CATEGORY","Bizcocho banana purees","Banana purees","Fresh fruit purees","","","","","50380000","2025-07-23 13:04:22","","","Food Beverage and Tobacco Products","","","",""
"50385701","CATALOG_CATEGORY","Banana passion fruit purees","Passion fruit purees","Fresh fruit purees","","","","","50380000","2025-07-23 13:04:22","","","Food Beverage and Tobacco Products","","","",""
"50387503","CATALOG_CATEGORY","Banana flower purees","Nominant fruit purees","Fresh fruit purees","","","","","50380000","2025-07-23 13:04:22","","","Food Beverage and Tobacco Products","","","",""
"50391701","CATALOG_CATEGORY","Organic apple banana purees","Organic banana purees","Organic fresh fruit purees","","","","","50390000","2025-07-23 13:04:22","","","Food Beverage and Tobacco Products","","","",""
"50391702","CATALOG_CATEGORY","Organic baby banana purees","Organic banana purees","Organic fresh fruit purees","","","","","50390000","2025-07-23 13:04:22","","","Food Beverage and Tobacco Products","","","",""
"50391703","CATALOG_CATEGORY","Organic burro banana purees","Organic banana purees","Organic fresh fruit purees","","","","","50390000","2025-07-23 13:04:22","","","Food Beverage and Tobacco Products","","","",""
"50391704","CATALOG_CATEGORY","Organic cavendish banana purees","Organic banana purees","Organic fresh fruit purees","","","","","50390000","2025-07-23 13:04:22","","","Food Beverage and Tobacco Products","","","",""
"50391705","CATALOG_CATEGORY","Organic dominico banana purees","Organic banana purees","Organic fresh fruit purees","","","","","50390000","2025-07-23 13:04:22","","","Food Beverage and Tobacco Products","","","",""
"50391706","CATALOG_CATEGORY","Organic green banana purees","Organic banana purees","Organic fresh fruit purees","","","","","50390000","2025-07-23 13:04:22","","","Food Beverage and Tobacco Products","","","",""
"50391707","CATALOG_CATEGORY","Organic gros michel banana purees","Organic banana purees","Organic fresh fruit purees","","","","","50390000","2025-07-23 13:04:22","","","Food Beverage and Tobacco Products","","","",""
"50391708","CATALOG_CATEGORY","Organic lacatan banana purees","Organic banana purees","Organic fresh fruit purees","","","","","50390000","2025-07-23 13:04:22","","","Food Beverage and Tobacco Products","","","",""
"50391709","CATALOG_CATEGORY","Organic lady finger banan purees","Organic banana purees","Organic fresh fruit purees","","","","","50390000","2025-07-23 13:04:22","","","Food Beverage and Tobacco Products","","","",""
"50391710","CATALOG_CATEGORY","Organic manzano banana purees","Organic banana purees","Organic fresh fruit purees","","","","","50390000","2025-07-23 13:04:22","","","Food Beverage and Tobacco Products","","","",""
"50391711","CATALOG_CATEGORY","Organic mysore banana purees","Organic banana purees","Organic fresh fruit purees","","","","","50390000","2025-07-23 13:04:22","","","Food Beverage and Tobacco Products","","","",""
"50391712","CATALOG_CATEGORY","Organic pisang mas banana purees","Organic banana purees","Organic fresh fruit purees","","","","","50390000","2025-07-23 13:04:22","","","Food Beverage and Tobacco Products","","","",""
"50391713","CATALOG_CATEGORY","Organic red banana purees","Organic banana purees","Organic fresh fruit purees","","","","","50390000","2025-07-23 13:04:22","","","Food Beverage and Tobacco Products","","","",""
"50391714","CATALOG_CATEGORY","Organic saba banana purees","Organic banana purees","Organic fresh fruit purees","","","","","50390000","2025-07-23 13:04:22","","","Food Beverage and Tobacco Products","","","",""
"50391715","CATALOG_CATEGORY","Organic sucrier banana purees","Organic banana purees","Organic fresh fruit purees","","","","","50390000","2025-07-23 13:04:22","","","Food Beverage and Tobacco Products","","","",""
"50395301","CATALOG_CATEGORY","Organic banana passion fruit purees","Organic passion fruit purees","Organic fresh fruit purees","","","","","50390000","2025-07-23 13:04:22","","","Food Beverage and Tobacco Products","","","",""
"50397103","CATALOG_CATEGORY","Organic banana flower purees","Nominant organic fruit purees","Organic fresh fruit purees","","","","","50390000","2025-07-23 13:04:22","","","Food Beverage and Tobacco Products","","","",""
"50406703","CATALOG_CATEGORY","Banana pink squash","Winter squashes and winter pumpkins","Fresh vegetables","","","","","50400000","2025-07-23 13:04:22","","","Food Beverage and Tobacco Products","","","",""
"50407009","CATALOG_CATEGORY","Banana leaves","Nominant vegetables","Fresh vegetables","","","","","50400000","2025-07-23 13:04:22","","","Food Beverage and Tobacco Products","","","",""
"50416603","CATALOG_CATEGORY","Organic banana pink squash","Organic winter squashes and winter pumpkins","Organic fresh vegetables","","","","","50410000","2025-07-23 13:04:22","","","Food Beverage and Tobacco Products","","","",""
"50417009","CATALOG_CATEGORY","Organic banana leaves","Nominant organic vegetables","Organic fresh vegetables","","","","","50410000","2025-07-23 13:04:22","","","Food Beverage and Tobacco Products","","","",""
"50426603","CATALOG_CATEGORY","Dried banana pink squash","Dried winter squashes and winter pumpkins","Dried vegetables","","","","","50420000","2025-07-23 13:04:22","","","Food Beverage and Tobacco Products","","","",""
"50426809","CATALOG_CATEGORY","Dried banana leaves","Dried nominant vegetables","Dried vegetables","","","","","50420000","2025-07-23 13:04:22","","","Food Beverage and Tobacco Products","","","",""
"50436603","CATALOG_CATEGORY","Dried organic banana pink squash","Dried organic winter squashes and winter pumpkins","Dried organic vegetables","","","","","50430000","2025-07-23 13:04:22","","","Food Beverage and Tobacco Products","","","",""
"50436809","CATALOG_CATEGORY","Dried organic banana leaves","Dried organic nominant vegetables","Dried organic vegetables","","","","","50430000","2025-07-23 13:04:22","","","Food Beverage and Tobacco Products","","","",""
"50446603","CATALOG_CATEGORY","Frozen banana pink squash","Frozen winter squashes and winter pumpkins","Frozen vegetables","","","","","50440000","2025-07-23 13:04:22","","","Food Beverage and Tobacco Products","","","",""
"50446809","CATALOG_CATEGORY","Frozen banana leaves","Frozen nominant vegetables","Frozen vegetables","","","","","50440000","2025-07-23 13:04:22","","","Food Beverage and Tobacco Products","","","",""
"50456603","CATALOG_CATEGORY","Frozen organic banana pink squash","Frozen organic winter squashes and winter pumpkins","Frozen organic vegetables","","","","","50450000","2025-07-23 13:04:22","","","Food Beverage and Tobacco Products","","","",""
"50456809","CATALOG_CATEGORY","Frozen organic banana leaves","Frozen organic nominant vegetables","Frozen organic vegetables","","","","","50450000","2025-07-23 13:04:22","","","Food Beverage and Tobacco Products","","","",""
"50466603","CATALOG_CATEGORY","Canned or jarred banana pink squash","Canned or jarred winter squashes and winter pumpkins","Canned or jarred vegetables","","","","","50460000","2025-07-23 13:04:22","","","Food Beverage and Tobacco Products","","","",""
"50466809","CATALOG_CATEGORY","Canned or jarred banana leaves","Canned or jarred nominant vegetables","Canned or jarred vegetables","","","","","50460000","2025-07-23 13:04:22","","","Food Beverage and Tobacco Products","","","",""
"50476603","CATALOG_CATEGORY","Canned or jarred organic banana pink squash","Canned or jarred organic winter squashes and winter pumpkins","Canned or jarred organic vegetables","","","","","50470000","2025-07-23 13:04:22","","","Food Beverage and Tobacco Products","","","",""
"50476809","CATALOG_CATEGORY","Canned or jarred organic banana leaves","Canned or jarred organic nominant vegetables","Canned or jarred organic vegetables","","","","","50470000","2025-07-23 13:04:22","","","Food Beverage and Tobacco Products","","","",""
"50486603","CATALOG_CATEGORY","Banana pink squash purees","Winter squash and winter pumpkin purees","Fresh vegetable purees","","","","","50480000","2025-07-23 13:04:22","","","Food Beverage and Tobacco Products","","","",""
"50486809","CATALOG_CATEGORY","Banana leaf purees","Nominant vegetable purees","Fresh vegetable purees","","","","","50480000","2025-07-23 13:04:22","","","Food Beverage and Tobacco Products","","","",""
"50496503","CATALOG_CATEGORY","Organic banana pink squash purees","Organic winter squash and winter pumpkin purees","Organic fresh vegetable purees","","","","","50490000","2025-07-23 13:04:22","","","Food Beverage and Tobacco Products","","","",""
"50496809","CATALOG_CATEGORY","Organic banana leaf purees","Organic nominant vegetable purees","Organic fresh vegetable purees","","","","","50490000","2025-07-23 13:04:22","","","Food Beverage and Tobacco Products","","","",""
"50521701","CATALOG_CATEGORY","Non GMO apple bananas","Non GMO bananas","Non GMO fresh fruits","","","","","50520000","2025-07-23 13:04:22","","","Food Beverage and Tobacco Products","","","",""
"50521702","CATALOG_CATEGORY","Non GMO baby bananas","Non GMO bananas","Non GMO fresh fruits","","","","","50520000","2025-07-23 13:04:22","","","Food Beverage and Tobacco Products","","","",""
"50521703","CATALOG_CATEGORY","Non GMO burro bananas","Non GMO bananas","Non GMO fresh fruits","","","","","50520000","2025-07-23 13:04:22","","","Food Beverage and Tobacco Products","","","",""
"50521704","CATALOG_CATEGORY","Non GMO cavendish bananas","Non GMO bananas","Non GMO fresh fruits","","","","","50520000","2025-07-23 13:04:22","","","Food Beverage and Tobacco Products","","","",""
"50521705","CATALOG_CATEGORY","Non GMO dominico bananas","Non GMO bananas","Non GMO fresh fruits","","","","","50520000","2025-07-23 13:04:22","","","Food Beverage and Tobacco Products","","","",""
"50521706","CATALOG_CATEGORY","Non GMO green bananas","Non GMO bananas","Non GMO fresh fruits","","","","","50520000","2025-07-23 13:04:22","","","Food Beverage and Tobacco Products","","","",""
"50521707","CATALOG_CATEGORY","Non GMO gros michel bananas","Non GMO bananas","Non GMO fresh fruits","","","","","50520000","2025-07-23 13:04:22","","","Food Beverage and Tobacco Products","","","",""
"50521708","CATALOG_CATEGORY","Non GMO lacatan bananas","Non GMO bananas","Non GMO fresh fruits","","","","","50520000","2025-07-23 13:04:22","","","Food Beverage and Tobacco Products","","","",""
"50521709","CATALOG_CATEGORY","Non GMO lady finger bananas","Non GMO bananas","Non GMO fresh fruits","","","","","50520000","2025-07-23 13:04:22","","","Food Beverage and Tobacco Products","","","",""
"50521710","CATALOG_CATEGORY","Non GMO manzano bananas","Non GMO bananas","Non GMO fresh fruits","","","","","50520000","2025-07-23 13:04:22","","","Food Beverage and Tobacco Products","","","",""
"50521711","CATALOG_CATEGORY","Non GMO mysore bananas","Non GMO bananas","Non GMO fresh fruits","","","","","50520000","2025-07-23 13:04:22","","","Food Beverage and Tobacco Products","","","",""
"50521712","CATALOG_CATEGORY","Non GMO pisang mas bananas","Non GMO bananas","Non GMO fresh fruits","","","","","50520000","2025-07-23 13:04:22","","","Food Beverage and Tobacco Products","","","",""
"50521713","CATALOG_CATEGORY","Non GMO red bananas","Non GMO bananas","Non GMO fresh fruits","","","","","50520000","2025-07-23 13:04:22","","","Food Beverage and Tobacco Products","","","",""
"50521714","CATALOG_CATEGORY","Non GMO saba bananas","Non GMO bananas","Non GMO fresh fruits","","","","","50520000","2025-07-23 13:04:22","","","Food Beverage and Tobacco Products","","","",""
"50521715","CATALOG_CATEGORY","Non GMO sucrier bananas","Non GMO bananas","Non GMO fresh fruits","","","","","50520000","2025-07-23 13:04:22","","","Food Beverage and Tobacco Products","","","",""
"50525201","CATALOG_CATEGORY","Non GMO banana passion fruits","Non GMO passion fruits","Non GMO fresh fruits","","","","","50520000","2025-07-23 13:04:22","","","Food Beverage and Tobacco Products","","","",""
"50527003","CATALOG_CATEGORY","Non GMO banana flowers","Nominant non GMO fruits","Non GMO fresh fruits","","","","","50520000","2025-07-23 13:04:22","","","Food Beverage and Tobacco Products","","","",""
"50531701","CATALOG_CATEGORY","Dried non GMO apple bananas","Dried non GMO bananas","Dried non GMO fruits","","","","","50530000","2025-07-23 13:04:22","","","Food Beverage and Tobacco Products","","","",""
"50531702","CATALOG_CATEGORY","Dried non GMO baby bananas","Dried non GMO bananas","Dried non GMO fruits","","","","","50530000","2025-07-23 13:04:22","","","Food Beverage and Tobacco Products","","","",""
"50531703","CATALOG_CATEGORY","Dried non GMO burro bananas","Dried non GMO bananas","Dried non GMO fruits","","","","","50530000","2025-07-23 13:04:22","","","Food Beverage and Tobacco Products","","","",""
"50531704","CATALOG_CATEGORY","Dried non GMO cavendish bananas","Dried non GMO bananas","Dried non GMO fruits","","","","","50530000","2025-07-23 13:04:22","","","Food Beverage and Tobacco Products","","","",""
"50531705","CATALOG_CATEGORY","Dried non GMO dominico bananas","Dried non GMO bananas","Dried non GMO fruits","","","","","50530000","2025-07-23 13:04:22","","","Food Beverage and Tobacco Products","","","",""
"50531706","CATALOG_CATEGORY","Dried non GMO green bananas","Dried non GMO bananas","Dried non GMO fruits","","","","","50530000","2025-07-23 13:04:22","","","Food Beverage and Tobacco Products","","","",""
"50531707","CATALOG_CATEGORY","Dried non GMO gros michel bananas","Dried non GMO bananas","Dried non GMO fruits","","","","","50530000","2025-07-23 13:04:22","","","Food Beverage and Tobacco Products","","","",""
"50531708","CATALOG_CATEGORY","Dried non GMO lacatan bananas","Dried non GMO bananas","Dried non GMO fruits","","","","","50530000","2025-07-23 13:04:22","","","Food Beverage and Tobacco Products","","","",""
"50531709","CATALOG_CATEGORY","Dried non GMO lady finger banana","Dried non GMO bananas","Dried non GMO fruits","","","","","50530000","2025-07-23 13:04:22","","","Food Beverage and Tobacco Products","","","",""
"50531710","CATALOG_CATEGORY","Dried non GMO manzano bananas","Dried non GMO bananas","Dried non GMO fruits","","","","","50530000","2025-07-23 13:04:22","","","Food Beverage and Tobacco Products","","","",""
"50531711","CATALOG_CATEGORY","Dried non GMO mysore bananas","Dried non GMO bananas","Dried non GMO fruits","","","","","50530000","2025-07-23 13:04:22","","","Food Beverage and Tobacco Products","","","",""
"50531712","CATALOG_CATEGORY","Dried non GMO pisang mas bananas","Dried non GMO bananas","Dried non GMO fruits","","","","","50530000","2025-07-23 13:04:22","","","Food Beverage and Tobacco Products","","","",""
"50531713","CATALOG_CATEGORY","Dried non GMO red bananas","Dried non GMO bananas","Dried non GMO fruits","","","","","50530000","2025-07-23 13:04:22","","","Food Beverage and Tobacco Products","","","",""
"50531714","CATALOG_CATEGORY","Dried non GMO saba bananas","Dried non GMO bananas","Dried non GMO fruits","","","","","50530000","2025-07-23 13:04:22","","","Food Beverage and Tobacco Products","","","",""
"50531715","CATALOG_CATEGORY","Dried non GMO sucrier bananas","Dried non GMO bananas","Dried non GMO fruits","","","","","50530000","2025-07-23 13:04:22","","","Food Beverage and Tobacco Products","","","",""
"50535201","CATALOG_CATEGORY","Dried non GMO banana passion fruit","Dried non GMO passion fruits","Dried non GMO fruits","","","","","50530000","2025-07-23 13:04:22","","","Food Beverage and Tobacco Products","","","",""
"50537003","CATALOG_CATEGORY","Dried non GMO banana flowers","Dried non GMO nominant fruits","Dried non GMO fruits","","","","","50530000","2025-07-23 13:04:22","","","Food Beverage and Tobacco Products","","","",""
"50541701","CATALOG_CATEGORY","Frozen non GMO apple bananas","Frozen non GMO bananas","Frozen non GMO fruits","","","","","50540000","2025-07-23 13:04:22","","","Food Beverage and Tobacco Products","","","",""
"50541702","CATALOG_CATEGORY","Frozen non GMO baby bananas","Frozen non GMO bananas","Frozen non GMO fruits","","","","","50540000","2025-07-23 13:04:22","","","Food Beverage and Tobacco Products","","","",""
"50541703","CATALOG_CATEGORY","Frozen non GMO burro bananas","Frozen non GMO bananas","Frozen non GMO fruits","","","","","50540000","2025-07-23 13:04:22","","","Food Beverage and Tobacco Products","","","",""
"50541704","CATALOG_CATEGORY","Frozen non GMO cavendish bananas","Frozen non GMO bananas","Frozen non GMO fruits","","","","","50540000","2025-07-23 13:04:22","","","Food Beverage and Tobacco Products","","","",""
"50541705","CATALOG_CATEGORY","Frozen non GMO dominico bananas","Frozen non GMO bananas","Frozen non GMO fruits","","","","","50540000","2025-07-23 13:04:22","","","Food Beverage and Tobacco Products","","","",""
"50541706","CATALOG_CATEGORY","Frozen non GMO green bananas","Frozen non GMO bananas","Frozen non GMO fruits","","","","","50540000","2025-07-23 13:04:22","","","Food Beverage and Tobacco Products","","","",""
"50541707","CATALOG_CATEGORY","Frozen non GMO gros michel bananas","Frozen non GMO bananas","Frozen non GMO fruits","","","","","50540000","2025-07-23 13:04:22","","","Food Beverage and Tobacco Products","","","",""
"50541708","CATALOG_CATEGORY","Frozen non GMO lacatan bananas","Frozen non GMO bananas","Frozen non GMO fruits","","","","","50540000","2025-07-23 13:04:22","","","Food Beverage and Tobacco Products","","","",""
"50541709","CATALOG_CATEGORY","Frozen non GMO lady finger banana","Frozen non GMO bananas","Frozen non GMO fruits","","","","","50540000","2025-07-23 13:04:22","","","Food Beverage and Tobacco Products","","","",""
"50541710","CATALOG_CATEGORY","Frozen non GMO manzano bananas","Frozen non GMO bananas","Frozen non GMO fruits","","","","","50540000","2025-07-23 13:04:22","","","Food Beverage and Tobacco Products","","","",""
"50541711","CATALOG_CATEGORY","Frozen non GMO mysore bananas","Frozen non GMO bananas","Frozen non GMO fruits","","","","","50540000","2025-07-23 13:04:22","","","Food Beverage and Tobacco Products","","","",""
"50541712","CATALOG_CATEGORY","Frozen non GMO pisang mas bananas","Frozen non GMO bananas","Frozen non GMO fruits","","","","","50540000","2025-07-23 13:04:22","","","Food Beverage and Tobacco Products","","","",""
"50541713","CATALOG_CATEGORY","Frozen non GMO red bananas","Frozen non GMO bananas","Frozen non GMO fruits","","","","","50540000","2025-07-23 13:04:22","","","Food Beverage and Tobacco Products","","","",""
"50541714","CATALOG_CATEGORY","Frozen non GMO saba bananas","Frozen non GMO bananas","Frozen non GMO fruits","","","","","50540000","2025-07-23 13:04:22","","","Food Beverage and Tobacco Products","","","",""
"50541715","CATALOG_CATEGORY","Frozen non GMO sucrier bananas","Frozen non GMO bananas","Frozen non GMO fruits","","","","","50540000","2025-07-23 13:04:22","","","Food Beverage and Tobacco Products","","","",""
"50545201","CATALOG_CATEGORY","Frozen non GMO banana passion fruit","Frozen non GMO passion fruits","Frozen non GMO fruits","","","","","50540000","2025-07-23 13:04:22","","","Food Beverage and Tobacco Products","","","",""
"50547003","CATALOG_CATEGORY","Frozen non GMO banana flowers","Frozen non GMO nominant fruits","Frozen non GMO fruits","","","","","50540000","2025-07-23 13:04:22","","","Food Beverage and Tobacco Products","","","",""
"50551701","CATALOG_CATEGORY","Canned or jarred non GMO apple bananas","Canned or jarred non GMO bananas","Canned or jarred non GMO fruits","","","","","50550000","2025-07-23 13:04:22","","","Food Beverage and Tobacco Products","","","",""
"50551702","CATALOG_CATEGORY","Canned or jarred non GMO baby bananas","Canned or jarred non GMO bananas","Canned or jarred non GMO fruits","","","","","50550000","2025-07-23 13:04:22","","","Food Beverage and Tobacco Products","","","",""
"50551703","CATALOG_CATEGORY","Canned or jarred non GMO burro bananas","Canned or jarred non GMO bananas","Canned or jarred non GMO fruits","","","","","50550000","2025-07-23 13:04:22","","","Food Beverage and Tobacco Products","","","",""
"50551704","CATALOG_CATEGORY","Canned or jarred non GMO cavendish bananas","Canned or jarred non GMO bananas","Canned or jarred non GMO fruits","","","","","50550000","2025-07-23 13:04:22","","","Food Beverage and Tobacco Products","","","",""
"50551705","CATALOG_CATEGORY","Canned or jarred non GMO dominico bananas","Canned or jarred non GMO bananas","Canned or jarred non GMO fruits","","","","","50550000","2025-07-23 13:04:22","","","Food Beverage and Tobacco Products","","","",""
"50551706","CATALOG_CATEGORY","Canned or jarred non GMO green bananas","Canned or jarred non GMO bananas","Canned or jarred non GMO fruits","","","","","50550000","2025-07-23 13:04:22","","","Food Beverage and Tobacco Products","","","",""
"50551707","CATALOG_CATEGORY","Canned or jarred non GMO gros michel bananas","Canned or jarred non GMO bananas","Canned or jarred non GMO fruits","","","","","50550000","2025-07-23 13:04:22","","","Food Beverage and Tobacco Products","","","",""
"50551708","CATALOG_CATEGORY","Canned or jarred non GMO lacatan bananas","Canned or jarred non GMO bananas","Canned or jarred non GMO fruits","","","","","50550000","2025-07-23 13:04:22","","","Food Beverage and Tobacco Products","","","",""
"50551709","CATALOG_CATEGORY","Canned or jarred non GMO lady finger banana","Canned or jarred non GMO bananas","Canned or jarred non GMO fruits","","","","","50550000","2025-07-23 13:04:22","","","Food Beverage and Tobacco Products","","","",""
"50551710","CATALOG_CATEGORY","Canned or jarred non GMO manzano bananas","Canned or jarred non GMO bananas","Canned or jarred non GMO fruits","","","","","50550000","2025-07-23 13:04:22","","","Food Beverage and Tobacco Products","","","",""
"50551711","CATALOG_CATEGORY","Canned or jarred non GMO mysore bananas","Canned or jarred non GMO bananas","Canned or jarred non GMO fruits","","","","","50550000","2025-07-23 13:04:22","","","Food Beverage and Tobacco Products","","","",""
"50551712","CATALOG_CATEGORY","Canned or jarred non GMO pisang mas bananas","Canned or jarred non GMO bananas","Canned or jarred non GMO fruits","","","","","50550000","2025-07-23 13:04:22","","","Food Beverage and Tobacco Products","","","",""
"50551713","CATALOG_CATEGORY","Canned or jarred non GMO red bananas","Canned or jarred non GMO bananas","Canned or jarred non GMO fruits","","","","","50550000","2025-07-23 13:04:22","","","Food Beverage and Tobacco Products","","","",""
"50551714","CATALOG_CATEGORY","Canned or jarred non GMO saba bananas","Canned or jarred non GMO bananas","Canned or jarred non GMO fruits","","","","","50550000","2025-07-23 13:04:22","","","Food Beverage and Tobacco Products","","","",""
"50551715","CATALOG_CATEGORY","Canned or jarred non GMO sucrier bananas","Canned or jarred non GMO bananas","Canned or jarred non GMO fruits","","","","","50550000","2025-07-23 13:04:22","","","Food Beverage and Tobacco Products","","","",""
"50555201","CATALOG_CATEGORY","Canned or jarred non GMO banana passion fruit","Canned or jarred non GMO passion fruits","Canned or jarred non GMO fruits","","","","","50550000","2025-07-23 13:04:22","","","Food Beverage and Tobacco Products","","","",""
"50557003","CATALOG_CATEGORY","Canned or jarred non GMO banana flowers","Canned or jarred non GMO nominant fruits","Canned or jarred non GMO fruits","","","","","50550000","2025-07-23 13:04:22","","","Food Beverage and Tobacco Products","","","",""
"50561701","CATALOG_CATEGORY","Non GMO apple banana purees","Non GMO banana purees","Non GMO fresh fruit purees","","","","","50560000","2025-07-23 13:04:22","","","Food Beverage and Tobacco Products","","","",""
"50561702","CATALOG_CATEGORY","Non GMO baby banana purees","Non GMO banana purees","Non GMO fresh fruit purees","","","","","50560000","2025-07-23 13:04:22","","","Food Beverage and Tobacco Products","","","",""
"50561703","CATALOG_CATEGORY","Non GMO burro banana purees","Non GMO banana purees","Non GMO fresh fruit purees","","","","","50560000","2025-07-23 13:04:22","","","Food Beverage and Tobacco Products","","","",""
"50561704","CATALOG_CATEGORY","Non GMO cavendish banana purees","Non GMO banana purees","Non GMO fresh fruit purees","","","","","50560000","2025-07-23 13:04:22","","","Food Beverage and Tobacco Products","","","",""
"50561705","CATALOG_CATEGORY","Non GMO dominico banana purees","Non GMO banana purees","Non GMO fresh fruit purees","","","","","50560000","2025-07-23 13:04:22","","","Food Beverage and Tobacco Products","","","",""
"50561706","CATALOG_CATEGORY","Non GMO green banana purees","Non GMO banana purees","Non GMO fresh fruit purees","","","","","50560000","2025-07-23 13:04:22","","","Food Beverage and Tobacco Products","","","",""
"50561707","CATALOG_CATEGORY","Non GMO gros michel banana purees","Non GMO banana purees","Non GMO fresh fruit purees","","","","","50560000","2025-07-23 13:04:22","","","Food Beverage and Tobacco Products","","","",""
"50561708","CATALOG_CATEGORY","Non GMO lacatan banana purees","Non GMO banana purees","Non GMO fresh fruit purees","","","","","50560000","2025-07-23 13:04:22","","","Food Beverage and Tobacco Products","","","",""
"50561709","CATALOG_CATEGORY","Non GMO lady finger banan purees","Non GMO banana purees","Non GMO fresh fruit purees","","","","","50560000","2025-07-23 13:04:22","","","Food Beverage and Tobacco Products","","","",""
"50561710","CATALOG_CATEGORY","Non GMO manzano banana purees","Non GMO banana purees","Non GMO fresh fruit purees","","","","","50560000","2025-07-23 13:04:22","","","Food Beverage and Tobacco Products","","","",""
"50561711","CATALOG_CATEGORY","Non GMO mysore banana purees","Non GMO banana purees","Non GMO fresh fruit purees","","","","","50560000","2025-07-23 13:04:22","","","Food Beverage and Tobacco Products","","","",""
"50561712","CATALOG_CATEGORY","Non GMO pisang mas banana purees","Non GMO banana purees","Non GMO fresh fruit purees","","","","","50560000","2025-07-23 13:04:22","","","Food Beverage and Tobacco Products","","","",""
"50561713","CATALOG_CATEGORY","Non GMO red banana purees","Non GMO banana purees","Non GMO fresh fruit purees","","","","","50560000","2025-07-23 13:04:22","","","Food Beverage and Tobacco Products","","","",""
"50561714","CATALOG_CATEGORY","Non GMO saba banana purees","Non GMO banana purees","Non GMO fresh fruit purees","","","","","50560000","2025-07-23 13:04:22","","","Food Beverage and Tobacco Products","","","",""
"50561715","CATALOG_CATEGORY","Non GMO sucrier banana purees","Non GMO banana purees","Non GMO fresh fruit purees","","","","","50560000","2025-07-23 13:04:22","","","Food Beverage and Tobacco Products","","","",""
"50565101","CATALOG_CATEGORY","Non GMO banana passion fruit purees","Non GMO passion fruit purees","Non GMO fresh fruit purees","","","","","50560000","2025-07-23 13:04:22","","","Food Beverage and Tobacco Products","","","",""
"50566903","CATALOG_CATEGORY","Non GMO banana flower purees","Nominant Non GMO fruit purees","Non GMO fresh fruit purees","","","","","50560000","2025-07-23 13:04:22","","","Food Beverage and Tobacco Products","","","",""
"50586503","CATALOG_CATEGORY","Non GMO banana pink squash","Non GMO winter squashes and winter pumpkins","Non GMO fresh vegetables","","","","","50580000","2025-07-23 13:04:22","","","Food Beverage and Tobacco Products","","","",""
"50586809","CATALOG_CATEGORY","Non GMO banana leaves","Nominant Non GMO vegetables","Non GMO fresh vegetables","","","","","50580000","2025-07-23 13:04:22","","","Food Beverage and Tobacco Products","","","",""
"50596603","CATALOG_CATEGORY","Dried Non GMO banana pink squash","Dried Non GMO winter squashes and winter pumpkins","Dried Non GMO vegetables","","","","","50590000","2025-07-23 13:04:22","","","Food Beverage and Tobacco Products","","","",""
"50596809","CATALOG_CATEGORY","Dried Non GMO banana leaves","Dried Non GMO nominant vegetables","Dried Non GMO vegetables","","","","","50590000","2025-07-23 13:04:22","","","Food Beverage and Tobacco Products","","","",""
"50606603","CATALOG_CATEGORY","Frozen Non GMO banana pink squash","Frozen Non GMO winter squashes and winter pumpkins","Frozen Non GMO vegetables","","","","","50600000","2025-07-23 13:04:22","","","Food Beverage and Tobacco Products","","","",""
"50606809","CATALOG_CATEGORY","Frozen Non GMO banana leaves","Frozen Non GMO nominant vegetables","Frozen Non GMO vegetables","","","","","50600000","2025-07-23 13:04:22","","","Food Beverage and Tobacco Products","","","",""
"50616603","CATALOG_CATEGORY","Canned or jarred Non GMO banana pink squash","Canned or jarred Non GMO winter squashes and winter pumpkins","Canned or jarred Non GMO vegetables","","","","","50610000","2025-07-23 13:04:22","","","Food Beverage and Tobacco Products","","","",""
"50616809","CATALOG_CATEGORY","Canned or jarred Non GMO banana leaves","Canned or jarred Non GMO nominant vegetables","Canned or jarred Non GMO vegetables","","","","","50610000","2025-07-23 13:04:22","","","Food Beverage and Tobacco Products","","","",""
"50626503","CATALOG_CATEGORY","Non GMO banana pink squash purees","Non GMO winter squash and winter pumpkin purees","Non GMO fresh vegetable purees","","","","","50620000","2025-07-23 13:04:22","","","Food Beverage and Tobacco Products","","","",""
"50626809","CATALOG_CATEGORY","Non GMO banana leaf purees","Non GMO nominant vegetable purees","Non GMO fresh vegetable purees","","","","","50620000","2025-07-23 13:04:22","","","Food Beverage and Tobacco Products","","","",""
